model_name,callsign,measure,order,aic,p,d,q
aberdeen_sd-tavg,"Aberdeen, SD",tavg,"2, 1, 3",2062.3817661534786,2,1,3
aberdeen_sd-tmin,"Aberdeen, SD",tmin,"2, 1, 2",2114.3334297706733,2,1,2
aberdeen_sd-tmax,"Aberdeen, SD",tmax,"1, 1, 2",2273.93776166264,1,1,2
aberdeen_sd-prcp,"Aberdeen, SD",prcp,"3, 0, 3",2153.7638495314104,3,0,3
aberdeen_sd-snow,"Aberdeen, SD",snow,"2, 1, 1",2821.605101254094,2,1,1
aberdeen_sd-wdir,"Aberdeen, SD",wdir,"3, 1, 3",4431.152092159988,3,1,3
aberdeen_sd-wspd,"Aberdeen, SD",wspd,"1, 1, 1",2422.292562695322,1,1,1
aberdeen_sd-pres,"Aberdeen, SD",pres,"0, 1, 2",2380.173611651885,0,1,2
albany_ny-tavg,"Albany, NY",tavg,"2, 1, 1",1969.3416904808669,2,1,1
albany_ny-tmin,"Albany, NY",tmin,"2, 1, 1",2027.6496023864124,2,1,1
albany_ny-tmax,"Albany, NY",tmax,"3, 2, 2",2083.865551742437,3,2,2
albany_ny-prcp,"Albany, NY",prcp,"3, 0, 3",2464.789840622241,3,0,3
albany_ny-snow,"Albany, NY",snow,"3, 1, 1",2968.321570088917,3,1,1
albany_ny-wdir,"Albany, NY",wdir,"3, 0, 3",4433.823921998823,3,0,3
albany_ny-wspd,"Albany, NY",wspd,"1, 1, 1",2299.6181536183476,1,1,1
albany_ny-pres,"Albany, NY",pres,"3, 1, 2",2311.170951287726,3,1,2
albuquerque_nm-tavg,"Albuquerque, NM",tavg,"2, 1, 3",1619.7858525677148,2,1,3
albuquerque_nm-tmin,"Albuquerque, NM",tmin,"1, 1, 1",1753.9078108487242,1,1,1
albuquerque_nm-tmax,"Albuquerque, NM",tmax,"2, 1, 1",1863.0168467519766,2,1,1
albuquerque_nm-prcp,"Albuquerque, NM",prcp,"0, 0, 3",1337.2358843272295,0,0,3
albuquerque_nm-snow,"Albuquerque, NM",snow,"2, 1, 2",2143.2179670473815,2,1,2
albuquerque_nm-wdir,"Albuquerque, NM",wdir,"1, 1, 1",4290.662769205659,1,1,1
albuquerque_nm-wspd,"Albuquerque, NM",wspd,"1, 1, 1",2179.8762036688763,1,1,1
albuquerque_nm-pres,"Albuquerque, NM",pres,"1, 1, 2",2009.3055641512165,1,1,2
amarillo_tx-tavg,"Amarillo, TX",tavg,"1, 1, 2",1953.331278775389,1,1,2
amarillo_tx-tmin,"Amarillo, TX",tmin,"0, 1, 3",1943.0624804428317,0,1,3
amarillo_tx-tmax,"Amarillo, TX",tmax,"3, 1, 3",2254.6208302773252,3,1,3
amarillo_tx-prcp,"Amarillo, TX",prcp,"3, 1, 3",2081.491679678852,3,1,3
amarillo_tx-snow,"Amarillo, TX",snow,"3, 1, 3",2453.8461892991772,3,1,3
amarillo_tx-wdir,"Amarillo, TX",wdir,"3, 1, 3",4234.593805764591,3,1,3
amarillo_tx-wspd,"Amarillo, TX",wspd,"0, 1, 2",2420.559868835883,0,1,2
amarillo_tx-pres,"Amarillo, TX",pres,"2, 1, 2",2252.537543925963,2,1,2
anchorage_ak-tavg,"Anchorage, AK",tavg,"3, 1, 2",1589.7933032034261,3,1,2
anchorage_ak-tmin,"Anchorage, AK",tmin,"2, 1, 1",1773.8766178893363,2,1,1
anchorage_ak-tmax,"Anchorage, AK",tmax,"3, 1, 3",1808.1614094388647,3,1,3
anchorage_ak-prcp,"Anchorage, AK",prcp,"3, 1, 3",1892.875606732499,3,1,3
anchorage_ak-snow,"Anchorage, AK",snow,"2, 2, 3",3715.9452926315917,2,2,3
anchorage_ak-wdir,"Anchorage, AK",wdir,"3, 1, 3",4353.699354518084,3,1,3
anchorage_ak-wspd,"Anchorage, AK",wspd,"0, 1, 2",2134.3875232510136,0,1,2
anchorage_ak-pres,"Anchorage, AK",pres,"3, 1, 3",2375.408720086777,3,1,3
austin_tx-tavg,"Austin, TX",tavg,"3, 1, 1",1798.83451467379,3,1,1
austin_tx-tmin,"Austin, TX",tmin,"2, 1, 3",1933.0795767469228,2,1,3
austin_tx-tmax,"Austin, TX",tmax,"2, 1, 1",1962.0692257493392,2,1,1
austin_tx-prcp,"Austin, TX",prcp,"1, 1, 2",2522.902259614284,1,1,2
austin_tx-wdir,"Austin, TX",wdir,"0, 1, 2",4291.788947339546,0,1,2
austin_tx-wspd,"Austin, TX",wspd,"2, 1, 1",2150.307390348519,2,1,1
austin_tx-pres,"Austin, TX",pres,"1, 1, 2",1994.5385490110255,1,1,2
binghamton_ny-tavg,"Binghamton, NY",tavg,"3, 1, 1",1972.6497258033432,3,1,1
binghamton_ny-tmin,"Binghamton, NY",tmin,"0, 1, 3",2026.5242538132013,0,1,3
binghamton_ny-tmax,"Binghamton, NY",tmax,"0, 1, 3",2126.0917679907843,0,1,3
binghamton_ny-prcp,"Binghamton, NY",prcp,"2, 0, 2",2601.8915700875605,2,0,2
binghamton_ny-snow,"Binghamton, NY",snow,"3, 2, 2",3317.5091620709036,3,2,2
binghamton_ny-wdir,"Binghamton, NY",wdir,"3, 0, 2",4245.3559653824805,3,0,2
binghamton_ny-wspd,"Binghamton, NY",wspd,"0, 1, 2",2056.5368456327274,0,1,2
binghamton_ny-pres,"Binghamton, NY",pres,"3, 0, 2",2271.7102430572586,3,0,2
birmingham_al-tavg,"Birmingham, AL",tavg,"1, 1, 2",1803.9377225701878,1,1,2
birmingham_al-tmin,"Birmingham, AL",tmin,"2, 1, 3",1936.40826453125,2,1,3
birmingham_al-tmax,"Birmingham, AL",tmax,"0, 1, 2",1979.2806324388898,0,1,2
birmingham_al-prcp,"Birmingham, AL",prcp,"1, 0, 0",2930.7497974999114,1,0,0
birmingham_al-wdir,"Birmingham, AL",wdir,"3, 1, 3",4521.147234465266,3,1,3
birmingham_al-wspd,"Birmingham, AL",wspd,"0, 1, 2",2121.998736669544,0,1,2
birmingham_al-pres,"Birmingham, AL",pres,"3, 0, 3",1865.0540204172464,3,0,3
bismarck_nd-tavg,"Bismarck, ND",tavg,"2, 1, 3",2057.903045008675,2,1,3
bismarck_nd-tmin,"Bismarck, ND",tmin,"3, 1, 3",2070.843379653926,3,1,3
bismarck_nd-tmax,"Bismarck, ND",tmax,"1, 1, 1",2331.5058490524902,1,1,1
bismarck_nd-prcp,"Bismarck, ND",prcp,"3, 0, 2",1912.6407398655733,3,0,2
bismarck_nd-snow,"Bismarck, ND",snow,"3, 0, 2",2837.2815956625536,3,0,2
bismarck_nd-wdir,"Bismarck, ND",wdir,"2, 1, 3",4472.457383116927,2,1,3
bismarck_nd-wspd,"Bismarck, ND",wspd,"3, 1, 3",2402.4188028952153,3,1,3
bismarck_nd-pres,"Bismarck, ND",pres,"0, 1, 2",2382.267737145159,0,1,2
blacksburg_va-tavg,"Blacksburg, VA",tavg,"3, 1, 3",1838.8995249098857,3,1,3
blacksburg_va-tmin,"Blacksburg, VA",tmin,"1, 1, 2",1909.3338215400606,1,1,2
blacksburg_va-tmax,"Blacksburg, VA",tmax,"2, 1, 2",2025.502575245038,2,1,2
blacksburg_va-prcp,"Blacksburg, VA",prcp,"0, 0, 1",2572.3573576141684,0,0,1
blacksburg_va-wdir,"Blacksburg, VA",wdir,"3, 1, 3",4545.213655107425,3,1,3
blacksburg_va-wspd,"Blacksburg, VA",wspd,"2, 1, 3",1994.9351375465671,2,1,3
blacksburg_va-pres,"Blacksburg, VA",pres,"3, 0, 0",2037.3257677706906,3,0,0
boise_id-tavg,"Boise, ID",tavg,"1, 1, 2",1747.6337018579716,1,1,2
boise_id-tmin,"Boise, ID",tmin,"2, 1, 2",1797.195541678574,2,1,2
boise_id-tmax,"Boise, ID",tmax,"1, 1, 2",1951.4848762807069,1,1,2
boise_id-prcp,"Boise, ID",prcp,"2, 0, 0",1695.2210807434908,2,0,0
boise_id-snow,"Boise, ID",snow,"3, 0, 3",2543.6516046175448,3,0,3
boise_id-wdir,"Boise, ID",wdir,"1, 1, 2",4431.643103478953,1,1,2
boise_id-wspd,"Boise, ID",wspd,"3, 0, 2",2150.0060878358026,3,0,2
boise_id-pres,"Boise, ID",pres,"0, 1, 3",2125.4327381664516,0,1,3
boston_ma-tavg,"Boston, MA",tavg,"3, 1, 1",1930.8825189617826,3,1,1
boston_ma-tmin,"Boston, MA",tmin,"0, 1, 2",1948.0848572730586,0,1,2
boston_ma-tmax,"Boston, MA",tmax,"3, 1, 2",2099.721210837537,3,1,2
boston_ma-prcp,"Boston, MA",prcp,"2, 0, 3",2641.019716112381,2,0,3
boston_ma-wdir,"Boston, MA",wdir,"3, 1, 3",4369.095265368031,3,1,3
boston_ma-wspd,"Boston, MA",wspd,"0, 1, 2",2173.5624356811995,0,1,2
boston_ma-pres,"Boston, MA",pres,"3, 1, 2",2354.859092994482,3,1,2
brownsville_tx-tavg,"Brownsville, TX",tavg,"0, 1, 3",1733.131716851556,0,1,3
brownsville_tx-tmin,"Brownsville, TX",tmin,"3, 1, 3",1851.2348511679288,3,1,3
brownsville_tx-tmax,"Brownsville, TX",tmax,"1, 1, 2",1865.5734807897074,1,1,2
brownsville_tx-prcp,"Brownsville, TX",prcp,"3, 1, 3",2930.5619943593497,3,1,3
brownsville_tx-wdir,"Brownsville, TX",wdir,"3, 1, 3",4304.384632769841,3,1,3
brownsville_tx-wspd,"Brownsville, TX",wspd,"3, 1, 3",2288.232587569345,3,1,3
brownsville_tx-pres,"Brownsville, TX",pres,"0, 1, 3",1875.2819612014791,0,1,3
buffalo_ny-tavg,"Buffalo, NY",tavg,"0, 1, 3",1942.6934913517057,0,1,3
buffalo_ny-tmin,"Buffalo, NY",tmin,"2, 1, 1",1925.7464709345572,2,1,1
buffalo_ny-tmax,"Buffalo, NY",tmax,"1, 1, 2",2099.1003312583352,1,1,2
buffalo_ny-prcp,"Buffalo, NY",prcp,"0, 0, 1",2467.609238467331,0,0,1
buffalo_ny-snow,"Buffalo, NY",snow,"2, 1, 2",3529.1333576794123,2,1,2
buffalo_ny-wdir,"Buffalo, NY",wdir,"3, 0, 3",4270.662003573407,3,0,3
buffalo_ny-wspd,"Buffalo, NY",wspd,"1, 1, 1",2327.0426520729725,1,1,1
buffalo_ny-pres,"Buffalo, NY",pres,"3, 1, 3",2279.7072874377395,3,1,3
burlington_vt-tavg,"Burlington, VT",tavg,"2, 1, 1",2050.6508160318754,2,1,1
burlington_vt-tmin,"Burlington, VT",tmin,"3, 1, 3",2085.391239392581,3,1,3
burlington_vt-tmax,"Burlington, VT",tmax,"0, 1, 3",2135.962757727014,0,1,3
burlington_vt-prcp,"Burlington, VT",prcp,"3, 0, 2",2322.7820279776397,3,0,2
burlington_vt-snow,"Burlington, VT",snow,"1, 1, 1",3456.319931199897,1,1,1
burlington_vt-wdir,"Burlington, VT",wdir,"3, 1, 3",4461.589811883425,3,1,3
burlington_vt-wspd,"Burlington, VT",wspd,"3, 1, 3",2275.223377173267,3,1,3
burlington_vt-pres,"Burlington, VT",pres,"3, 1, 3",2342.8275532258313,3,1,3
caribou_me-tavg,"Caribou, ME",tavg,"1, 1, 3",2031.5257016928276,1,1,3
caribou_me-tmin,"Caribou, ME",tmin,"2, 1, 1",2101.7643236763815,2,1,1
caribou_me-tmax,"Caribou, ME",tmax,"2, 1, 1",2124.452162017714,2,1,1
caribou_me-prcp,"Caribou, ME",prcp,"3, 0, 3",2347.197075326989,3,0,3
caribou_me-snow,"Caribou, ME",snow,"2, 2, 2",3386.023060236546,2,2,2
caribou_me-wdir,"Caribou, ME",wdir,"1, 1, 1",4441.554181547591,1,1,1
caribou_me-wspd,"Caribou, ME",wspd,"2, 1, 1",2128.074865929995,2,1,1
caribou_me-pres,"Caribou, ME",pres,"3, 0, 1",2408.460897186572,3,0,1
charleston_sc-tavg,"Charleston, SC",tavg,"0, 1, 3",1704.0796742622701,0,1,3
charleston_sc-tmin,"Charleston, SC",tmin,"0, 1, 3",1837.7191591920925,0,1,3
charleston_sc-tmax,"Charleston, SC",tmax,"2, 1, 1",1851.0441993595803,2,1,1
charleston_sc-prcp,"Charleston, SC",prcp,"2, 1, 2",2685.1516414968564,2,1,2
charleston_sc-wdir,"Charleston, SC",wdir,"2, 0, 3",4421.267341242881,2,0,3
charleston_sc-wspd,"Charleston, SC",wspd,"0, 1, 2",2062.4092813239536,0,1,2
charleston_sc-pres,"Charleston, SC",pres,"3, 1, 3",1939.6210641154687,3,1,3
cheyenne_wy-tavg,"Cheyenne, WY",tavg,"3, 1, 3",2018.0510865948713,3,1,3
cheyenne_wy-tmin,"Cheyenne, WY",tmin,"2, 1, 3",2093.6022088469526,2,1,3
cheyenne_wy-tmax,"Cheyenne, WY",tmax,"1, 1, 2",2216.1978845240183,1,1,2
cheyenne_wy-prcp,"Cheyenne, WY",prcp,"0, 1, 1",2008.8976434382362,0,1,1
cheyenne_wy-snow,"Cheyenne, WY",snow,"1, 1, 3",3134.634177163896,1,1,3
cheyenne_wy-wdir,"Cheyenne, WY",wdir,"3, 1, 3",4236.572332828942,3,1,3
cheyenne_wy-wspd,"Cheyenne, WY",wspd,"2, 1, 2",2327.9741094051205,2,1,2
cheyenne_wy-pres,"Cheyenne, WY",pres,"1, 1, 3",2228.7589733428713,1,1,3
chicago_il-tavg,"Chicago, IL",tavg,"1, 1, 2",1932.3210322659124,1,1,2
chicago_il-tmin,"Chicago, IL",tmin,"1, 1, 2",1972.2387283505175,1,1,2
chicago_il-tmax,"Chicago, IL",tmax,"1, 1, 2",2132.683258110884,1,1,2
chicago_il-prcp,"Chicago, IL",prcp,"0, 0, 1",2290.5698102932074,0,0,1
chicago_il-snow,"Chicago, IL",snow,"3, 1, 3",2783.7490244160404,3,1,3
chicago_il-wdir,"Chicago, IL",wdir,"1, 1, 1",4298.35348915345,1,1,1
chicago_il-wspd,"Chicago, IL",wspd,"1, 1, 3",2174.396674165638,1,1,3
chicago_il-pres,"Chicago, IL",pres,"3, 0, 3",2227.6650796511117,3,0,3
cincinnati_oh-tavg,"Cincinnati, OH",tavg,"3, 1, 3",1925.4741906158529,3,1,3
cincinnati_oh-tmin,"Cincinnati, OH",tmin,"2, 1, 2",1986.7798456524702,2,1,2
cincinnati_oh-tmax,"Cincinnati, OH",tmax,"0, 1, 3",2096.7314306363537,0,1,3
cincinnati_oh-prcp,"Cincinnati, OH",prcp,"0, 0, 1",2469.3967227135417,0,0,1
cincinnati_oh-wdir,"Cincinnati, OH",wdir,"2, 1, 1",4528.049195022664,2,1,1
cincinnati_oh-wspd,"Cincinnati, OH",wspd,"1, 1, 1",2173.9618415383934,1,1,1
cincinnati_oh-pres,"Cincinnati, OH",pres,"3, 0, 3",2157.44572209292,3,0,3
cleveland_oh-tavg,"Cleveland, OH",tavg,"0, 1, 3",1983.1265164704168,0,1,3
cleveland_oh-tmin,"Cleveland, OH",tmin,"1, 1, 2",1980.7185136284406,1,1,2
cleveland_oh-tmax,"Cleveland, OH",tmax,"0, 1, 3",2116.1520573274547,0,1,3
cleveland_oh-prcp,"Cleveland, OH",prcp,"3, 0, 3",2475.879414957559,3,0,3
cleveland_oh-snow,"Cleveland, OH",snow,"3, 1, 3",3251.1313183321104,3,1,3
cleveland_oh-wdir,"Cleveland, OH",wdir,"3, 1, 3",4338.91125363595,3,1,3
cleveland_oh-wspd,"Cleveland, OH",wspd,"2, 1, 2",2277.9191523423897,2,1,2
cleveland_oh-pres,"Cleveland, OH",pres,"3, 0, 1",2230.097074219031,3,0,1
columbia_sc-tavg,"Columbia, SC",tavg,"0, 1, 3",1722.8814564809172,0,1,3
columbia_sc-tmin,"Columbia, SC",tmin,"1, 1, 2",1884.1067444823027,1,1,2
columbia_sc-tmax,"Columbia, SC",tmax,"2, 1, 1",1891.6021768692367,2,1,1
columbia_sc-prcp,"Columbia, SC",prcp,"0, 0, 3",2526.092992252552,0,0,3
columbia_sc-snow,"Columbia, SC",snow,"0, 0, 1",1748.035709256917,0,0,1
columbia_sc-wdir,"Columbia, SC",wdir,"1, 1, 1",4493.626077599024,1,1,1
columbia_sc-wspd,"Columbia, SC",wspd,"0, 1, 2",1968.0154849776343,0,1,2
columbia_sc-pres,"Columbia, SC",pres,"3, 1, 3",1978.7546981902758,3,1,3
corpus christi_tx-tavg,"Corpus Christi, TX",tavg,"3, 1, 1",1758.0851044212168,3,1,1
corpus christi_tx-tmin,"Corpus Christi, TX",tmin,"2, 1, 3",1906.5097192779958,2,1,3
corpus christi_tx-tmax,"Corpus Christi, TX",tmax,"3, 1, 3",1911.6468095396517,3,1,3
corpus christi_tx-prcp,"Corpus Christi, TX",prcp,"3, 1, 3",2909.172670370329,3,1,3
corpus christi_tx-wdir,"Corpus Christi, TX",wdir,"3, 1, 3",4175.444987958505,3,1,3
corpus christi_tx-wspd,"Corpus Christi, TX",wspd,"2, 1, 2",2293.31965726585,2,1,2
corpus christi_tx-pres,"Corpus Christi, TX",pres,"0, 1, 3",1925.9515625959184,0,1,3
denver_co-tavg,"Denver, CO",tavg,"1, 1, 2",2028.270414427092,1,1,2
denver_co-tmin,"Denver, CO",tmin,"2, 1, 3",1988.4296890537441,2,1,3
denver_co-tmax,"Denver, CO",tmax,"3, 1, 3",2253.5579823041126,3,1,3
denver_co-prcp,"Denver, CO",prcp,"3, 0, 2",1905.238954171495,3,0,2
denver_co-snow,"Denver, CO",snow,"3, 1, 3",3034.164681825595,3,1,3
denver_co-wdir,"Denver, CO",wdir,"0, 1, 2",4174.110027506799,0,1,2
denver_co-wspd,"Denver, CO",wspd,"1, 0, 1",1927.240125431013,1,0,1
denver_co-pres,"Denver, CO",pres,"1, 1, 3",2212.682242479351,1,1,3
des moines_ia-tavg,"Des Moines, IA",tavg,"2, 1, 2",2035.7082143689986,2,1,2
des moines_ia-tmin,"Des Moines, IA",tmin,"3, 2, 2",1984.5809681212445,3,2,2
des moines_ia-tmax,"Des Moines, IA",tmax,"1, 1, 2",2228.017580784104,1,1,2
des moines_ia-prcp,"Des Moines, IA",prcp,"2, 1, 3",2468.8669776306474,2,1,3
des moines_ia-snow,"Des Moines, IA",snow,"0, 1, 3",3263.1940789277655,0,1,3
des moines_ia-wdir,"Des Moines, IA",wdir,"2, 1, 1",4386.691026771687,2,1,1
des moines_ia-wspd,"Des Moines, IA",wspd,"0, 1, 2",2241.9528918568003,0,1,2
des moines_ia-pres,"Des Moines, IA",pres,"1, 1, 2",2296.1234551995526,1,1,2
detroit_mi-tavg,"Detroit, MI",tavg,"0, 1, 3",1894.0547355693539,0,1,3
detroit_mi-tmin,"Detroit, MI",tmin,"3, 1, 3",1886.9389907068353,3,1,3
detroit_mi-tmax,"Detroit, MI",tmax,"0, 1, 3",2081.3099153411176,0,1,3
detroit_mi-prcp,"Detroit, MI",prcp,"0, 0, 1",2437.3603640639394,0,0,1
detroit_mi-snow,"Detroit, MI",snow,"2, 1, 1",3138.0759354855422,2,1,1
detroit_mi-wdir,"Detroit, MI",wdir,"1, 1, 1",4317.634577567222,1,1,1
detroit_mi-wspd,"Detroit, MI",wspd,"0, 1, 2",2262.983892890953,0,1,2
detroit_mi-pres,"Detroit, MI",pres,"3, 0, 2",2254.647076507521,3,0,2
duluth_mn-tavg,"Duluth, MN",tavg,"2, 1, 3",1976.7345815021695,2,1,3
duluth_mn-tmin,"Duluth, MN",tmin,"2, 1, 1",2032.3781953807954,2,1,1
duluth_mn-tmax,"Duluth, MN",tmax,"3, 0, 3",2146.429859806025,3,0,3
duluth_mn-prcp,"Duluth, MN",prcp,"2, 0, 1",2114.2847066885815,2,0,1
duluth_mn-snow,"Duluth, MN",snow,"3, 2, 1",3303.306183456764,3,2,1
duluth_mn-wdir,"Duluth, MN",wdir,"3, 1, 3",4359.772207441036,3,1,3
duluth_mn-wspd,"Duluth, MN",wspd,"0, 1, 2",2365.0762189923726,0,1,2
duluth_mn-pres,"Duluth, MN",pres,"3, 0, 3",2337.198274211417,3,0,3
elko_nv-tavg,"Elko, NV",tavg,"3, 1, 2",1711.1149242905933,3,1,2
elko_nv-tmin,"Elko, NV",tmin,"1, 1, 1",1924.5118928494262,1,1,1
elko_nv-tmax,"Elko, NV",tmax,"3, 1, 3",1976.207111134987,3,1,3
elko_nv-prcp,"Elko, NV",prcp,"0, 0, 2",1673.669271503122,0,0,2
elko_nv-wdir,"Elko, NV",wdir,"1, 1, 1",4572.185792315442,1,1,1
elko_nv-wspd,"Elko, NV",wspd,"1, 1, 1",2020.119784157815,1,1,1
elko_nv-pres,"Elko, NV",pres,"1, 1, 2",2107.133114142076,1,1,2
eureka_ca-tavg,"Eureka, CA",tavg,"1, 1, 1",1376.7415163367878,1,1,1
eureka_ca-tmin,"Eureka, CA",tmin,"1, 1, 2",1490.6009742473059,1,1,2
eureka_ca-tmax,"Eureka, CA",tmax,"1, 1, 1",1524.1510550791845,1,1,1
eureka_ca-prcp,"Eureka, CA",prcp,"2, 0, 2",2028.6683302266301,2,0,2
eureka_ca-wdir,"Eureka, CA",wdir,"3, 1, 3",4234.863646130885,3,1,3
eureka_ca-wspd,"Eureka, CA",wspd,"0, 0, 2",1878.159791759489,0,0,2
eureka_ca-pres,"Eureka, CA",pres,"3, 1, 2",1854.730974657155,3,1,2
fairbanks_ak-tavg,"Fairbanks, AK",tavg,"3, 1, 3",2039.013155629821,3,1,3
fairbanks_ak-tmin,"Fairbanks, AK",tmin,"1, 1, 2",2172.2006474261343,1,1,2
fairbanks_ak-tmax,"Fairbanks, AK",tmax,"1, 1, 2",2103.8609320846035,1,1,2
fairbanks_ak-prcp,"Fairbanks, AK",prcp,"1, 0, 1",2018.4266796629063,1,0,1
fairbanks_ak-snow,"Fairbanks, AK",snow,"0, 2, 1",3884.766599889588,0,2,1
fairbanks_ak-wdir,"Fairbanks, AK",wdir,"3, 1, 3",4389.983167588727,3,1,3
fairbanks_ak-wspd,"Fairbanks, AK",wspd,"0, 1, 2",1966.3945071830817,0,1,2
fairbanks_ak-pres,"Fairbanks, AK",pres,"3, 1, 3",2379.574263398408,3,1,3
flagstaff_az-tavg,"Flagstaff, AZ",tavg,"2, 1, 1",1549.8753694737404,2,1,1
flagstaff_az-tmin,"Flagstaff, AZ",tmin,"2, 1, 2",1875.0114831015608,2,1,2
flagstaff_az-tmax,"Flagstaff, AZ",tmax,"1, 1, 2",1820.6254298674112,1,1,2
flagstaff_az-prcp,"Flagstaff, AZ",prcp,"1, 0, 0",2242.8078093964205,1,0,0
flagstaff_az-wdir,"Flagstaff, AZ",wdir,"1, 1, 1",4438.434635008821,1,1,1
flagstaff_az-wspd,"Flagstaff, AZ",wspd,"0, 1, 2",2340.9001516336084,0,1,2
flagstaff_az-pres,"Flagstaff, AZ",pres,"1, 1, 2",1974.768122746711,1,1,2
fort worth_tx-tavg,"Fort Worth, TX",tavg,"3, 1, 1",1860.2910221887842,3,1,1
fort worth_tx-tmin,"Fort Worth, TX",tmin,"2, 1, 3",1972.3711136809998,2,1,3
fort worth_tx-tmax,"Fort Worth, TX",tmax,"0, 1, 3",2033.8566086151645,0,1,3
fort worth_tx-prcp,"Fort Worth, TX",prcp,"2, 1, 3",2342.467727455116,2,1,3
fort worth_tx-snow,"Fort Worth, TX",snow,"0, 0, 1",1242.0445756648915,0,0,1
fort worth_tx-wdir,"Fort Worth, TX",wdir,"2, 1, 1",4183.226053406237,2,1,1
fort worth_tx-wspd,"Fort Worth, TX",wspd,"3, 1, 3",2295.515680993584,3,1,3
fort worth_tx-pres,"Fort Worth, TX",pres,"1, 1, 2",2088.4124180146255,1,1,2
gaylord_mi-tavg,"Gaylord, MI",tavg,"3, 2, 2",1892.7348322168084,3,2,2
gaylord_mi-tmin,"Gaylord, MI",tmin,"1, 1, 2",1961.9445934966377,1,1,2
gaylord_mi-tmax,"Gaylord, MI",tmax,"0, 1, 3",2095.164289930154,0,1,3
gaylord_mi-prcp,"Gaylord, MI",prcp,"3, 0, 3",2315.901766582023,3,0,3
gaylord_mi-snow,"Gaylord, MI",snow,"1, 1, 1",3794.3487802903023,1,1,1
gaylord_mi-wdir,"Gaylord, MI",wdir,"2, 1, 2",4302.512454672361,2,1,2
gaylord_mi-wspd,"Gaylord, MI",wspd,"2, 1, 3",2181.1774480612153,2,1,3
gaylord_mi-pres,"Gaylord, MI",pres,"2, 0, 0",2320.7705349595453,2,0,0
glasgow_mt-tavg,"Glasgow, MT",tavg,"1, 1, 2",2128.065211330745,1,1,2
glasgow_mt-tmin,"Glasgow, MT",tmin,"2, 1, 2",2104.1728711393253,2,1,2
glasgow_mt-tmax,"Glasgow, MT",tmax,"2, 1, 2",2345.205586337798,2,1,2
glasgow_mt-prcp,"Glasgow, MT",prcp,"2, 0, 0",1469.4913458172991,2,0,0
glasgow_mt-snow,"Glasgow, MT",snow,"2, 1, 2",2727.240739007697,2,1,2
glasgow_mt-wdir,"Glasgow, MT",wdir,"0, 1, 2",4454.767825851368,0,1,2
glasgow_mt-wspd,"Glasgow, MT",wspd,"1, 0, 0",2429.8120663912323,1,0,0
glasgow_mt-pres,"Glasgow, MT",pres,"0, 1, 2",2387.7712607532235,0,1,2
goodland_ks-tavg,"Goodland, KS",tavg,"1, 1, 2",2027.2851760908381,1,1,2
goodland_ks-tmin,"Goodland, KS",tmin,"2, 1, 3",1954.662728312765,2,1,3
goodland_ks-tmax,"Goodland, KS",tmax,"2, 1, 2",2321.3776609890165,2,1,2
goodland_ks-prcp,"Goodland, KS",prcp,"2, 1, 2",1803.610087430382,2,1,2
goodland_ks-snow,"Goodland, KS",snow,"2, 1, 3",2981.6091653221824,2,1,3
goodland_ks-wdir,"Goodland, KS",wdir,"1, 1, 1",4326.795874834036,1,1,1
goodland_ks-wspd,"Goodland, KS",wspd,"3, 1, 3",2374.1172504047063,3,1,3
goodland_ks-pres,"Goodland, KS",pres,"1, 1, 3",2304.4988140111154,1,1,3
grand forks_nd-tavg,"Grand Forks, ND",tavg,"3, 1, 3",2053.569791555263,3,1,3
grand forks_nd-tmin,"Grand Forks, ND",tmin,"2, 1, 2",2114.5499378691165,2,1,2
grand forks_nd-tmax,"Grand Forks, ND",tmax,"0, 1, 2",2244.216756295211,0,1,2
grand forks_nd-prcp,"Grand Forks, ND",prcp,"2, 0, 2",2146.188585084172,2,0,2
grand forks_nd-wdir,"Grand Forks, ND",wdir,"0, 1, 1",4419.050876619547,0,1,1
grand forks_nd-wspd,"Grand Forks, ND",wspd,"2, 1, 2",2465.929683665032,2,1,2
grand forks_nd-pres,"Grand Forks, ND",pres,"3, 1, 3",2410.7380943243825,3,1,3
grand junction_co-tavg,"Grand Junction, CO",tavg,"2, 1, 3",1674.9527613664604,2,1,3
grand junction_co-tmin,"Grand Junction, CO",tmin,"2, 1, 2",1794.609308899646,2,1,2
grand junction_co-tmax,"Grand Junction, CO",tmax,"3, 1, 3",1908.5988975637074,3,1,3
grand junction_co-prcp,"Grand Junction, CO",prcp,"0, 0, 1",1736.5639383380408,0,0,1
grand junction_co-snow,"Grand Junction, CO",snow,"3, 0, 3",2373.4146924265806,3,0,3
grand junction_co-wdir,"Grand Junction, CO",wdir,"2, 1, 3",4406.390578989662,2,1,3
grand junction_co-wspd,"Grand Junction, CO",wspd,"1, 1, 1",2020.9498708246738,1,1,1
grand junction_co-pres,"Grand Junction, CO",pres,"2, 1, 3",2166.293596530374,2,1,3
gray_me-tavg,"Gray, ME",tavg,"3, 1, 1",1950.1507944675218,3,1,1
gray_me-tmin,"Gray, ME",tmin,"2, 1, 1",1905.2159066806335,2,1,1
gray_me-tmax,"Gray, ME",tmax,"2, 1, 1",2131.378282779585,2,1,1
gray_me-prcp,"Gray, ME",prcp,"1, 0, 1",2578.5586062327757,1,0,1
gray_me-snow,"Gray, ME",snow,"3, 1, 3",3137.8764537742095,3,1,3
gray_me-wdir,"Gray, ME",wdir,"3, 0, 2",4371.265573552655,3,0,2
gray_me-wspd,"Gray, ME",wspd,"0, 1, 2",1970.0915639741006,0,1,2
gray_me-pres,"Gray, ME",pres,"3, 0, 1",2374.9047703687575,3,0,1
great falls_mt-tavg,"Great Falls, MT",tavg,"1, 1, 2",2197.37841235983,1,1,2
great falls_mt-tmin,"Great Falls, MT",tmin,"1, 1, 2",2224.0959805732227,1,1,2
great falls_mt-tmax,"Great Falls, MT",tmax,"1, 1, 2",2325.416003587183,1,1,2
great falls_mt-prcp,"Great Falls, MT",prcp,"0, 1, 2",1736.5052752502977,0,1,2
great falls_mt-snow,"Great Falls, MT",snow,"3, 1, 3",3119.2678592013694,3,1,3
great falls_mt-wdir,"Great Falls, MT",wdir,"2, 1, 1",4291.170399278551,2,1,1
great falls_mt-wspd,"Great Falls, MT",wspd,"1, 1, 1",2537.6543362753364,1,1,1
great falls_mt-pres,"Great Falls, MT",pres,"0, 1, 3",2363.730305918682,0,1,3
greenville_sc-tavg,"Greenville, SC",tavg,"2, 1, 3",1660.0468933373722,2,1,3
greenville_sc-tmin,"Greenville, SC",tmin,"1, 1, 2",1794.1981999271177,1,1,2
greenville_sc-tmax,"Greenville, SC",tmax,"3, 1, 3",1888.9478679416338,3,1,3
greenville_sc-prcp,"Greenville, SC",prcp,"2, 0, 1",2516.7922597511297,2,0,1
greenville_sc-snow,"Greenville, SC",snow,"3, 1, 3",2263.8356400323228,3,1,3
greenville_sc-wdir,"Greenville, SC",wdir,"1, 1, 1",4411.100203390997,1,1,1
greenville_sc-wspd,"Greenville, SC",wspd,"0, 1, 2",2119.2007886707192,0,1,2
greenville_sc-pres,"Greenville, SC",pres,"3, 1, 3",1985.464820028152,3,1,3
hastings_ne-tavg,"Hastings, NE",tavg,"2, 1, 3",2018.2203769890339,2,1,3
hastings_ne-tmin,"Hastings, NE",tmin,"2, 1, 1",1949.9132225621065,2,1,1
hastings_ne-tmax,"Hastings, NE",tmax,"2, 1, 2",2292.388662326884,2,1,2
hastings_ne-prcp,"Hastings, NE",prcp,"0, 1, 1",2141.57687576411,0,1,1
hastings_ne-wdir,"Hastings, NE",wdir,"1, 1, 1",4405.585752153934,1,1,1
hastings_ne-wspd,"Hastings, NE",wspd,"0, 1, 2",2344.3195036372617,0,1,2
hastings_ne-pres,"Hastings, NE",pres,"1, 1, 2",2333.644268207208,1,1,2
honolulu_hi-tavg,"Honolulu, HI",tavg,"2, 1, 1",759.5304694950078,2,1,1
honolulu_hi-tmin,"Honolulu, HI",tmin,"1, 1, 1",1075.6683366311545,1,1,1
honolulu_hi-tmax,"Honolulu, HI",tmax,"1, 1, 1",1004.1509339872509,1,1,1
honolulu_hi-prcp,"Honolulu, HI",prcp,"1, 1, 1",2817.0642420756467,1,1,1
honolulu_hi-wdir,"Honolulu, HI",wdir,"3, 1, 3",4322.7837150214245,3,1,3
honolulu_hi-wspd,"Honolulu, HI",wspd,"3, 1, 3",1967.1297260665385,3,1,3
honolulu_hi-pres,"Honolulu, HI",pres,"3, 0, 1",944.6136209899224,3,0,1
houston_tx-tavg,"Houston, TX",tavg,"2, 1, 3",1746.8727017199822,2,1,3
houston_tx-tmin,"Houston, TX",tmin,"2, 1, 3",1893.4200064708537,2,1,3
houston_tx-tmax,"Houston, TX",tmax,"0, 1, 3",1878.8057065003295,0,1,3
houston_tx-prcp,"Houston, TX",prcp,"0, 1, 2",2531.3994358697864,0,1,2
houston_tx-snow,"Houston, TX",snow,"0, 1, 1",4020.8904704433808,0,1,1
houston_tx-wdir,"Houston, TX",wdir,"3, 1, 3",4258.839335926134,3,1,3
houston_tx-wspd,"Houston, TX",wspd,"1, 1, 3",2076.6627384148296,1,1,3
houston_tx-pres,"Houston, TX",pres,"1, 1, 2",1882.130994143744,1,1,2
huntsville_al-tavg,"Huntsville, AL",tavg,"0, 1, 3",1819.9858980388435,0,1,3
huntsville_al-tmin,"Huntsville, AL",tmin,"0, 1, 3",1935.235562226012,0,1,3
huntsville_al-tmax,"Huntsville, AL",tmax,"0, 1, 2",2028.6731614582236,0,1,2
huntsville_al-prcp,"Huntsville, AL",prcp,"0, 0, 1",2864.90240533843,0,0,1
huntsville_al-snow,"Huntsville, AL",snow,"0, 0, 1",2244.2908028518386,0,0,1
huntsville_al-wdir,"Huntsville, AL",wdir,"2, 1, 2",4422.827091539684,2,1,2
huntsville_al-wspd,"Huntsville, AL",wspd,"2, 1, 1",2105.3119936812454,2,1,1
huntsville_al-pres,"Huntsville, AL",pres,"3, 0, 3",1914.4300191547743,3,0,3
indianapolis_in-tavg,"Indianapolis, IN",tavg,"3, 1, 2",1945.4234887253942,3,1,2
indianapolis_in-tmin,"Indianapolis, IN",tmin,"3, 1, 3",1962.688056974574,3,1,3
indianapolis_in-tmax,"Indianapolis, IN",tmax,"1, 1, 2",2124.696098885699,1,1,2
indianapolis_in-prcp,"Indianapolis, IN",prcp,"3, 0, 3",2552.2107748473613,3,0,3
indianapolis_in-snow,"Indianapolis, IN",snow,"3, 1, 2",2631.6994253284647,3,1,2
indianapolis_in-wdir,"Indianapolis, IN",wdir,"3, 1, 3",4296.8181493175825,3,1,3
indianapolis_in-wspd,"Indianapolis, IN",wspd,"0, 1, 2",2148.367074432036,0,1,2
indianapolis_in-pres,"Indianapolis, IN",pres,"1, 0, 3",2152.951462912006,1,0,3
jackson_ms-tavg,"Jackson, MS",tavg,"0, 1, 3",1830.7689436939797,0,1,3
jackson_ms-tmin,"Jackson, MS",tmin,"2, 1, 3",1926.5117048412042,2,1,3
jackson_ms-tmax,"Jackson, MS",tmax,"0, 1, 3",1988.3081235189454,0,1,3
jackson_ms-prcp,"Jackson, MS",prcp,"3, 0, 3",2544.4309720008946,3,0,3
jackson_ms-snow,"Jackson, MS",snow,"1, 1, 3",2492.087287085893,1,1,3
jackson_ms-wdir,"Jackson, MS",wdir,"3, 1, 3",4412.149116620065,3,1,3
jackson_ms-wspd,"Jackson, MS",wspd,"2, 1, 1",1834.391876071485,2,1,1
jackson_ms-pres,"Jackson, MS",pres,"1, 1, 2",1881.5726966970658,1,1,2
jacksonville_fl-tavg,"Jacksonville, FL",tavg,"3, 1, 2",1633.382435809193,3,1,2
jacksonville_fl-tmin,"Jacksonville, FL",tmin,"2, 1, 1",1806.4441509303824,2,1,1
jacksonville_fl-tmax,"Jacksonville, FL",tmax,"3, 1, 1",1822.5597849540889,3,1,1
jacksonville_fl-prcp,"Jacksonville, FL",prcp,"1, 1, 1",2575.732951365874,1,1,1
jacksonville_fl-wdir,"Jacksonville, FL",wdir,"2, 1, 3",4417.726870513659,2,1,3
jacksonville_fl-wspd,"Jacksonville, FL",wspd,"2, 1, 1",1956.9154397531806,2,1,1
jacksonville_fl-pres,"Jacksonville, FL",pres,"3, 1, 3",1715.8313415584926,3,1,3
juneau_ak-tavg,"Juneau, AK",tavg,"1, 1, 2",1568.166144123421,1,1,2
juneau_ak-tmin,"Juneau, AK",tmin,"2, 1, 2",1706.4775645089262,2,1,2
juneau_ak-tmax,"Juneau, AK",tmax,"3, 1, 3",1764.653475900242,3,1,3
juneau_ak-prcp,"Juneau, AK",prcp,"1, 1, 1",2655.6873169406235,1,1,1
juneau_ak-snow,"Juneau, AK",snow,"2, 1, 1",3564.4255823081294,2,1,1
juneau_ak-wdir,"Juneau, AK",wdir,"3, 1, 3",4411.8674800481285,3,1,3
juneau_ak-wspd,"Juneau, AK",wspd,"3, 0, 3",2494.777791098755,3,0,3
juneau_ak-pres,"Juneau, AK",pres,"2, 1, 2",2391.1152761478925,2,1,2
kansas city_mo-tavg,"Kansas City, MO",tavg,"1, 1, 2",2007.4327775824688,1,1,2
kansas city_mo-tmin,"Kansas City, MO",tmin,"0, 1, 3",1991.1616991868457,0,1,3
kansas city_mo-tmax,"Kansas City, MO",tmax,"2, 1, 3",2221.4361092547033,2,1,3
kansas city_mo-prcp,"Kansas City, MO",prcp,"3, 1, 3",2422.476632028429,3,1,3
kansas city_mo-snow,"Kansas City, MO",snow,"0, 1, 3",2844.5172688126822,0,1,3
kansas city_mo-wdir,"Kansas City, MO",wdir,"0, 1, 2",4332.846452191074,0,1,2
kansas city_mo-wspd,"Kansas City, MO",wspd,"3, 1, 3",2232.750105236613,3,1,3
kansas city_mo-pres,"Kansas City, MO",pres,"1, 1, 2",2269.6266783675073,1,1,2
key west_fl-tavg,"Key West, FL",tavg,"2, 1, 1",1115.806763881723,2,1,1
key west_fl-tmin,"Key West, FL",tmin,"2, 1, 1",1362.8667337564,2,1,1
key west_fl-tmax,"Key West, FL",tmax,"2, 1, 1",1229.0699028119518,2,1,1
key west_fl-prcp,"Key West, FL",prcp,"0, 1, 2",2455.9976505479704,0,1,2
key west_fl-wdir,"Key West, FL",wdir,"1, 1, 2",4195.926299664109,1,1,2
key west_fl-wspd,"Key West, FL",wspd,"1, 1, 2",2143.8030212648937,1,1,2
key west_fl-pres,"Key West, FL",pres,"1, 1, 3",1196.1123177055629,1,1,3
la crosse_wi-tavg,"La Crosse, WI",tavg,"1, 1, 2",2017.9738790963347,1,1,2
la crosse_wi-tmin,"La Crosse, WI",tmin,"3, 1, 1",2063.832165080515,3,1,1
la crosse_wi-tmax,"La Crosse, WI",tmax,"3, 1, 2",2142.3982077273185,3,1,2
la crosse_wi-prcp,"La Crosse, WI",prcp,"0, 1, 2",2753.3224980262858,0,1,2
la crosse_wi-snow,"La Crosse, WI",snow,"2, 1, 2",2945.1094420655068,2,1,2
la crosse_wi-wdir,"La Crosse, WI",wdir,"0, 1, 1",4408.040746512151,0,1,1
la crosse_wi-wspd,"La Crosse, WI",wspd,"0, 1, 2",2207.127393079416,0,1,2
la crosse_wi-pres,"La Crosse, WI",pres,"1, 1, 2",2321.5717305847174,1,1,2
lake charles_la-tavg,"Lake Charles, LA",tavg,"0, 1, 3",1736.6742444888941,0,1,3
lake charles_la-tmin,"Lake Charles, LA",tmin,"3, 1, 3",1899.7459176144614,3,1,3
lake charles_la-tmax,"Lake Charles, LA",tmax,"3, 1, 3",1841.606304157674,3,1,3
lake charles_la-prcp,"Lake Charles, LA",prcp,"2, 1, 1",3210.26703485268,2,1,1
lake charles_la-wdir,"Lake Charles, LA",wdir,"1, 1, 1",4382.712417940409,1,1,1
lake charles_la-wspd,"Lake Charles, LA",wspd,"2, 1, 2",2187.2001730439097,2,1,2
lake charles_la-pres,"Lake Charles, LA",pres,"1, 1, 3",1833.795538470535,1,1,3
las vegas_nv-tavg,"Las Vegas, NV",tavg,"3, 1, 1",1493.2041325715713,3,1,1
las vegas_nv-tmin,"Las Vegas, NV",tmin,"0, 1, 3",1637.6091895597274,0,1,3
las vegas_nv-tmax,"Las Vegas, NV",tmax,"2, 1, 1",1618.6442027057947,2,1,1
las vegas_nv-prcp,"Las Vegas, NV",prcp,"3, 0, 2",1865.552777996009,3,0,2
las vegas_nv-wdir,"Las Vegas, NV",wdir,"1, 1, 3",3983.8571332308234,1,1,3
las vegas_nv-wspd,"Las Vegas, NV",wspd,"0, 1, 2",2081.1341001261644,0,1,2
las vegas_nv-pres,"Las Vegas, NV",pres,"3, 1, 2",2012.2895453980143,3,1,2
little rock_ar-tavg,"Little Rock, AR",tavg,"2, 1, 3",1820.888280909156,2,1,3
little rock_ar-tmin,"Little Rock, AR",tmin,"2, 1, 3",1923.797318237595,2,1,3
little rock_ar-tmax,"Little Rock, AR",tmax,"1, 1, 2",2023.005988104906,1,1,2
little rock_ar-prcp,"Little Rock, AR",prcp,"2, 0, 1",2800.56581280073,2,0,1
little rock_ar-snow,"Little Rock, AR",snow,"1, 1, 1",2373.4886482118786,1,1,1
little rock_ar-wdir,"Little Rock, AR",wdir,"0, 1, 2",4356.040664721098,0,1,2
little rock_ar-wspd,"Little Rock, AR",wspd,"1, 1, 3",1963.9151610120143,1,1,3
little rock_ar-pres,"Little Rock, AR",pres,"1, 1, 2",2023.570085816229,1,1,2
los angeles_ca-tavg,"Los Angeles, CA",tavg,"2, 1, 1",1174.5227919174413,2,1,1
los angeles_ca-tmin,"Los Angeles, CA",tmin,"1, 1, 1",1276.9824212058736,1,1,1
los angeles_ca-tmax,"Los Angeles, CA",tmax,"2, 1, 1",1696.5887738593708,2,1,1
los angeles_ca-prcp,"Los Angeles, CA",prcp,"3, 1, 3",2070.7977852745616,3,1,3
los angeles_ca-wdir,"Los Angeles, CA",wdir,"1, 1, 2",4192.093063683926,1,1,2
los angeles_ca-wspd,"Los Angeles, CA",wspd,"0, 1, 2",1464.318473531142,0,1,2
los angeles_ca-pres,"Los Angeles, CA",pres,"3, 1, 2",1586.0817842611843,3,1,2
lubbock_tx-tavg,"Lubbock, TX",tavg,"1, 1, 2",1941.4423971889964,1,1,2
lubbock_tx-tmin,"Lubbock, TX",tmin,"2, 1, 2",1983.227765436314,2,1,2
lubbock_tx-tmax,"Lubbock, TX",tmax,"2, 1, 2",2193.207996868049,2,1,2
lubbock_tx-prcp,"Lubbock, TX",prcp,"3, 0, 3",2217.8390541516774,3,0,3
lubbock_tx-snow,"Lubbock, TX",snow,"0, 0, 0",2877.8320643175425,0,0,0
lubbock_tx-wdir,"Lubbock, TX",wdir,"1, 1, 1",4230.409533831811,1,1,1
lubbock_tx-wspd,"Lubbock, TX",wspd,"2, 1, 2",2332.0031259171246,2,1,2
lubbock_tx-pres,"Lubbock, TX",pres,"1, 1, 2",2208.20033850946,1,1,2
marquette_mi-tavg,"Marquette, MI",tavg,"1, 1, 2",1886.880774197609,1,1,2
marquette_mi-tmin,"Marquette, MI",tmin,"2, 1, 3",1813.004012792609,2,1,3
marquette_mi-tmax,"Marquette, MI",tmax,"2, 1, 1",2149.2603938866228,2,1,1
marquette_mi-prcp,"Marquette, MI",prcp,"0, 0, 1",2019.2360201483916,0,0,1
marquette_mi-snow,"Marquette, MI",snow,"2, 1, 1",3413.596136933822,2,1,1
marquette_mi-wdir,"Marquette, MI",wdir,"0, 1, 2",4331.888886071616,0,1,2
marquette_mi-wspd,"Marquette, MI",wspd,"3, 1, 3",2025.8240465320023,3,1,3
marquette_mi-pres,"Marquette, MI",pres,"1, 1, 2",2343.153746625523,1,1,2
melbourne_fl-tavg,"Melbourne, FL",tavg,"2, 1, 1",1423.1869353108432,2,1,1
melbourne_fl-tmin,"Melbourne, FL",tmin,"2, 1, 1",1724.7751977716557,2,1,1
melbourne_fl-tmax,"Melbourne, FL",tmax,"2, 1, 2",1583.522191919654,2,1,2
melbourne_fl-prcp,"Melbourne, FL",prcp,"0, 0, 3",2612.2005910964763,0,0,3
melbourne_fl-wdir,"Melbourne, FL",wdir,"0, 1, 2",4393.103911665099,0,1,2
melbourne_fl-wspd,"Melbourne, FL",wspd,"1, 1, 2",1951.6924857970178,1,1,2
melbourne_fl-pres,"Melbourne, FL",pres,"1, 1, 3",1522.5965482779322,1,1,3
memphis_tn-tavg,"Memphis, TN",tavg,"0, 1, 3",1893.2418504979582,0,1,3
memphis_tn-tmin,"Memphis, TN",tmin,"2, 1, 3",1944.911575964748,2,1,3
memphis_tn-tmax,"Memphis, TN",tmax,"1, 1, 2",2039.690317935063,1,1,2
memphis_tn-prcp,"Memphis, TN",prcp,"1, 0, 0",2586.716642371266,1,0,0
memphis_tn-snow,"Memphis, TN",snow,"0, 0, 1",1932.287178937849,0,0,1
memphis_tn-wdir,"Memphis, TN",wdir,"3, 0, 3",4362.917233441272,3,0,3
memphis_tn-wspd,"Memphis, TN",wspd,"2, 1, 1",2072.007874573579,2,1,1
memphis_tn-pres,"Memphis, TN",pres,"1, 1, 2",1998.5540803415172,1,1,2
miami_fl-tavg,"Miami, FL",tavg,"2, 1, 1",1209.9150875723442,2,1,1
miami_fl-tmin,"Miami, FL",tmin,"2, 1, 1",1674.2626119362576,2,1,1
miami_fl-tmax,"Miami, FL",tmax,"3, 1, 1",1395.8548511202193,3,1,1
miami_fl-prcp,"Miami, FL",prcp,"3, 1, 3",2476.3593897709807,3,1,3
miami_fl-wdir,"Miami, FL",wdir,"0, 1, 2",4324.447057920364,0,1,2
miami_fl-wspd,"Miami, FL",wspd,"1, 1, 2",1990.7293383374265,1,1,2
miami_fl-pres,"Miami, FL",pres,"1, 1, 3",1295.3416417918766,1,1,3
midland_tx-tavg,"Midland, TX",tavg,"1, 1, 2",1894.0243764020934,1,1,2
midland_tx-tmin,"Midland, TX",tmin,"3, 1, 3",1935.6604043843317,3,1,3
midland_tx-tmax,"Midland, TX",tmax,"1, 1, 1",2161.5018758152164,1,1,1
midland_tx-prcp,"Midland, TX",prcp,"3, 1, 3",2168.054046215481,3,1,3
midland_tx-snow,"Midland, TX",snow,"0, 0, 1",1242.0445756648915,0,0,1
midland_tx-wdir,"Midland, TX",wdir,"1, 1, 2",4168.312164083969,1,1,2
midland_tx-wspd,"Midland, TX",wspd,"3, 1, 1",2225.6516603314903,3,1,1
midland_tx-pres,"Midland, TX",pres,"1, 1, 2",2121.874969315722,1,1,2
missoula_mt-tavg,"Missoula, MT",tavg,"1, 1, 2",1866.8126215021853,1,1,2
missoula_mt-tmin,"Missoula, MT",tmin,"0, 1, 3",1910.4752018232816,0,1,3
missoula_mt-tmax,"Missoula, MT",tmax,"3, 1, 3",2090.674337661125,3,1,3
missoula_mt-prcp,"Missoula, MT",prcp,"3, 0, 0",1731.5780296151725,3,0,0
missoula_mt-snow,"Missoula, MT",snow,"2, 1, 3",2830.436834587814,2,1,3
missoula_mt-wdir,"Missoula, MT",wdir,"1, 1, 2",4562.178136792149,1,1,2
missoula_mt-wspd,"Missoula, MT",wspd,"0, 1, 2",2128.11444830816,0,1,2
missoula_mt-pres,"Missoula, MT",pres,"3, 1, 1",2209.306733431621,3,1,1
mobile_al-tavg,"Mobile, AL",tavg,"0, 1, 3",1683.695943097233,0,1,3
mobile_al-tmin,"Mobile, AL",tmin,"2, 1, 3",1889.61504682233,2,1,3
mobile_al-tmax,"Mobile, AL",tmax,"0, 1, 3",1728.0563945318077,0,1,3
mobile_al-prcp,"Mobile, AL",prcp,"3, 1, 3",2701.032541891135,3,1,3
mobile_al-wdir,"Mobile, AL",wdir,"0, 1, 2",4300.011040993229,0,1,2
mobile_al-wspd,"Mobile, AL",wspd,"1, 1, 2",2028.3407381696127,1,1,2
mobile_al-pres,"Mobile, AL",pres,"1, 1, 3",1724.6384783414078,1,1,3
mount holly_nj-tavg,"Mount Holly, NJ",tavg,"2, 1, 1",1932.471590981629,2,1,1
mount holly_nj-tmin,"Mount Holly, NJ",tmin,"2, 1, 1",1980.725762961386,2,1,1
mount holly_nj-tmax,"Mount Holly, NJ",tmax,"2, 1, 1",2099.5025416536682,2,1,1
mount holly_nj-prcp,"Mount Holly, NJ",prcp,"0, 0, 1",2462.3101494035905,0,0,1
mount holly_nj-wdir,"Mount Holly, NJ",wdir,"0, 1, 2",4535.751615946434,0,1,2
mount holly_nj-wspd,"Mount Holly, NJ",wspd,"2, 1, 1",2066.1217825918147,2,1,1
mount holly_nj-pres,"Mount Holly, NJ",pres,"3, 1, 2",2286.821667357933,3,1,2
nashville_tn-tavg,"Nashville, TN",tavg,"3, 1, 3",1905.5163928246927,3,1,3
nashville_tn-tmin,"Nashville, TN",tmin,"0, 1, 3",1995.2400654017558,0,1,3
nashville_tn-tmax,"Nashville, TN",tmax,"0, 1, 3",2085.3168995701244,0,1,3
nashville_tn-prcp,"Nashville, TN",prcp,"1, 0, 1",2770.9065799658647,1,0,1
nashville_tn-snow,"Nashville, TN",snow,"3, 1, 1",2504.893384366549,3,1,1
nashville_tn-wdir,"Nashville, TN",wdir,"0, 1, 1",4441.768346290699,0,1,1
nashville_tn-wspd,"Nashville, TN",wspd,"2, 1, 3",2141.50994465004,2,1,3
nashville_tn-pres,"Nashville, TN",pres,"1, 1, 2",2016.672745817966,1,1,2
new orleans_la-tavg,"New Orleans, LA",tavg,"0, 1, 3",1671.9359414745986,0,1,3
new orleans_la-tmin,"New Orleans, LA",tmin,"0, 1, 3",1798.9002007978997,0,1,3
new orleans_la-tmax,"New Orleans, LA",tmax,"1, 1, 3",1821.280600461349,1,1,3
new orleans_la-prcp,"New Orleans, LA",prcp,"1, 1, 1",2907.2228841746055,1,1,1
new orleans_la-wdir,"New Orleans, LA",wdir,"0, 1, 2",4331.303183179076,0,1,2
new orleans_la-wspd,"New Orleans, LA",wspd,"2, 1, 1",2250.15431885597,2,1,1
new orleans_la-pres,"New Orleans, LA",pres,"1, 1, 3",1780.0165279537637,1,1,3
new york_ny-tavg,"New York, NY",tavg,"2, 1, 1",1872.7590461438244,2,1,1
new york_ny-tmin,"New York, NY",tmin,"2, 1, 3",1825.8603831640323,2,1,3
new york_ny-tmax,"New York, NY",tmax,"2, 1, 1",2053.2521562402485,2,1,1
new york_ny-prcp,"New York, NY",prcp,"0, 0, 1",2512.7552311920476,0,0,1
new york_ny-wdir,"New York, NY",wdir,"2, 1, 3",4348.5833354030165,2,1,3
new york_ny-wspd,"New York, NY",wspd,"3, 1, 3",1874.3781355329552,3,1,3
new york_ny-pres,"New York, NY",pres,"3, 1, 2",2307.591860552934,3,1,2
norman_ok-tavg,"Norman, OK",tavg,"1, 1, 2",1965.0687361447683,1,1,2
norman_ok-tmin,"Norman, OK",tmin,"0, 1, 3",2009.676944829786,0,1,3
norman_ok-tmax,"Norman, OK",tmax,"2, 1, 2",2142.461506632187,2,1,2
norman_ok-prcp,"Norman, OK",prcp,"2, 1, 3",2540.9486816023846,2,1,3
norman_ok-wdir,"Norman, OK",wdir,"3, 1, 3",4296.865231371694,3,1,3
norman_ok-wspd,"Norman, OK",wspd,"0, 1, 2",2374.137132771823,0,1,2
norman_ok-pres,"Norman, OK",pres,"1, 1, 2",2155.8126275364757,1,1,2
north platte_ne-tavg,"North Platte, NE",tavg,"2, 1, 3",1932.2708911218758,2,1,3
north platte_ne-tmin,"North Platte, NE",tmin,"1, 1, 2",1944.4324494121097,1,1,2
north platte_ne-tmax,"North Platte, NE",tmax,"2, 1, 3",2292.3254605529637,2,1,3
north platte_ne-prcp,"North Platte, NE",prcp,"3, 1, 3",2169.3321863642204,3,1,3
north platte_ne-snow,"North Platte, NE",snow,"3, 1, 3",2876.998108118682,3,1,3
north platte_ne-wdir,"North Platte, NE",wdir,"0, 1, 2",4418.869226922088,0,1,2
north platte_ne-wspd,"North Platte, NE",wspd,"3, 0, 3",2270.3197889796693,3,0,3
north platte_ne-pres,"North Platte, NE",pres,"3, 1, 1",2304.3711215131516,3,1,1
omaha_ne-tavg,"Omaha, NE",tavg,"2, 1, 3",1976.7547025288945,2,1,3
omaha_ne-tmin,"Omaha, NE",tmin,"1, 1, 2",1940.3108031103638,1,1,2
omaha_ne-tmax,"Omaha, NE",tmax,"3, 1, 3",2250.946979577335,3,1,3
omaha_ne-prcp,"Omaha, NE",prcp,"2, 1, 3",2342.3624415693557,2,1,3
omaha_ne-snow,"Omaha, NE",snow,"0, 0, 3",2562.0846434826135,0,0,3
omaha_ne-wdir,"Omaha, NE",wdir,"0, 1, 2",4382.060921165037,0,1,2
omaha_ne-wspd,"Omaha, NE",wspd,"3, 1, 3",2246.935613638785,3,1,3
omaha_ne-pres,"Omaha, NE",pres,"1, 1, 2",2313.0819350251863,1,1,2
peachtree city_ga-tavg,"Peachtree City, GA",tavg,"1, 1, 2",1674.0344979070674,1,1,2
peachtree city_ga-tmin,"Peachtree City, GA",tmin,"0, 1, 3",1858.320260965206,0,1,3
peachtree city_ga-tmax,"Peachtree City, GA",tmax,"2, 1, 1",1864.814810239042,2,1,1
peachtree city_ga-prcp,"Peachtree City, GA",prcp,"0, 0, 1",2603.249107078898,0,0,1
peachtree city_ga-wdir,"Peachtree City, GA",wdir,"3, 1, 3",4590.892227463091,3,1,3
peachtree city_ga-wspd,"Peachtree City, GA",wspd,"3, 1, 3",2028.4628533753914,3,1,3
peachtree city_ga-pres,"Peachtree City, GA",pres,"2, 1, 3",1845.812917568382,2,1,3
pendleton_or-tavg,"Pendleton, OR",tavg,"2, 1, 1",1828.9828502243445,2,1,1
pendleton_or-tmin,"Pendleton, OR",tmin,"2, 1, 1",1852.8219507533968,2,1,1
pendleton_or-tmax,"Pendleton, OR",tmax,"2, 1, 2",2040.5483200060849,2,1,2
pendleton_or-prcp,"Pendleton, OR",prcp,"3, 1, 3",1618.67647082644,3,1,3
pendleton_or-snow,"Pendleton, OR",snow,"3, 1, 3",2839.96947798067,3,1,3
pendleton_or-wdir,"Pendleton, OR",wdir,"1, 1, 1",4354.464580570049,1,1,1
pendleton_or-wspd,"Pendleton, OR",wspd,"0, 1, 2",2304.341101578135,0,1,2
pendleton_or-pres,"Pendleton, OR",pres,"0, 1, 3",2156.419445141457,0,1,3
phoenix_az-tavg,"Phoenix, AZ",tavg,"2, 1, 1",1421.3367869506908,2,1,1
phoenix_az-tmin,"Phoenix, AZ",tmin,"2, 1, 2",1574.060756600406,2,1,2
phoenix_az-tmax,"Phoenix, AZ",tmax,"3, 1, 1",1687.3506347534508,3,1,1
phoenix_az-prcp,"Phoenix, AZ",prcp,"1, 0, 1",1837.387859754378,1,0,1
phoenix_az-wdir,"Phoenix, AZ",wdir,"2, 1, 3",4169.435163257856,2,1,3
phoenix_az-wspd,"Phoenix, AZ",wspd,"2, 1, 2",1866.601443451841,2,1,2
phoenix_az-pres,"Phoenix, AZ",pres,"1, 1, 2",1750.8644633294557,1,1,2
pittsburgh_pa-tavg,"Pittsburgh, PA",tavg,"0, 1, 3",1988.4299002016326,0,1,3
pittsburgh_pa-tmin,"Pittsburgh, PA",tmin,"3, 1, 3",2008.487942544266,3,1,3
pittsburgh_pa-tmax,"Pittsburgh, PA",tmax,"0, 1, 3",2136.233970353386,0,1,3
pittsburgh_pa-prcp,"Pittsburgh, PA",prcp,"3, 1, 3",2457.314759032357,3,1,3
pittsburgh_pa-snow,"Pittsburgh, PA",snow,"3, 1, 3",3124.032089144837,3,1,3
pittsburgh_pa-wdir,"Pittsburgh, PA",wdir,"3, 1, 3",4321.662245504087,3,1,3
pittsburgh_pa-wspd,"Pittsburgh, PA",wspd,"0, 1, 2",2230.5119746093324,0,1,2
pittsburgh_pa-pres,"Pittsburgh, PA",pres,"3, 0, 3",2200.580101064723,3,0,3
pocatello_id-tavg,"Pocatello, ID",tavg,"3, 1, 3",1873.360601963558,3,1,3
pocatello_id-tmin,"Pocatello, ID",tmin,"2, 1, 2",1993.7632002501055,2,1,2
pocatello_id-tmax,"Pocatello, ID",tmax,"3, 1, 3",2031.925073797405,3,1,3
pocatello_id-prcp,"Pocatello, ID",prcp,"2, 0, 3",1633.6178579816547,2,0,3
pocatello_id-snow,"Pocatello, ID",snow,"3, 0, 2",2824.811369973453,3,0,2
pocatello_id-wdir,"Pocatello, ID",wdir,"2, 1, 3",4418.313805149611,2,1,3
pocatello_id-wspd,"Pocatello, ID",wspd,"3, 0, 0",2484.088945522005,3,0,0
pocatello_id-pres,"Pocatello, ID",pres,"1, 1, 2",2173.920491345313,1,1,2
portland_or-tavg,"Portland, OR",tavg,"1, 1, 2",1530.6660047427242,1,1,2
portland_or-tmin,"Portland, OR",tmin,"1, 1, 1",1665.3324652750734,1,1,1
portland_or-tmax,"Portland, OR",tmax,"1, 1, 1",1903.095351021197,1,1,1
portland_or-prcp,"Portland, OR",prcp,"1, 1, 1",2267.7547622951424,1,1,1
portland_or-snow,"Portland, OR",snow,"0, 0, 3",1648.2048519713026,0,0,3
portland_or-wdir,"Portland, OR",wdir,"1, 1, 1",4203.447034456267,1,1,1
portland_or-wspd,"Portland, OR",wspd,"2, 0, 2",2010.4150440208327,2,0,2
portland_or-pres,"Portland, OR",pres,"1, 0, 3",2111.008809935268,1,0,3
pueblo_co-tavg,"Pueblo, CO",tavg,"2, 1, 3",2007.0092441999814,2,1,3
pueblo_co-tmin,"Pueblo, CO",tmin,"2, 1, 2",1960.6560470521151,2,1,2
pueblo_co-tmax,"Pueblo, CO",tmax,"1, 1, 2",2317.2314106932367,1,1,2
pueblo_co-prcp,"Pueblo, CO",prcp,"0, 1, 2",2222.809867297553,0,1,2
pueblo_co-snow,"Pueblo, CO",snow,"2, 1, 2",2683.4701144960027,2,1,2
pueblo_co-wdir,"Pueblo, CO",wdir,"0, 1, 1",4519.630345102507,0,1,1
pueblo_co-wspd,"Pueblo, CO",wspd,"2, 1, 3",2254.6162153759524,2,1,3
pueblo_co-pres,"Pueblo, CO",pres,"1, 1, 3",2282.295693934626,1,1,3
raleigh_nc-tavg,"Raleigh, NC",tavg,"0, 1, 3",1836.9072677901877,0,1,3
raleigh_nc-tmin,"Raleigh, NC",tmin,"1, 1, 2",1977.7306220320938,1,1,2
raleigh_nc-tmax,"Raleigh, NC",tmax,"2, 1, 1",2037.638727872472,2,1,1
raleigh_nc-prcp,"Raleigh, NC",prcp,"0, 0, 1",2730.293017706793,0,0,1
raleigh_nc-snow,"Raleigh, NC",snow,"0, 1, 3",1747.5970800009923,0,1,3
raleigh_nc-wdir,"Raleigh, NC",wdir,"3, 1, 3",4476.156096713039,3,1,3
raleigh_nc-wspd,"Raleigh, NC",wspd,"2, 1, 1",2137.754735300269,2,1,1
raleigh_nc-pres,"Raleigh, NC",pres,"3, 1, 1",2110.911581262348,3,1,1
rapid city_sd-tavg,"Rapid City, SD",tavg,"2, 1, 1",2086.5732814386474,2,1,1
rapid city_sd-tmin,"Rapid City, SD",tmin,"2, 1, 1",1988.0515257176698,2,1,1
rapid city_sd-tmax,"Rapid City, SD",tmax,"1, 1, 2",2359.465438377414,1,1,2
rapid city_sd-prcp,"Rapid City, SD",prcp,"0, 1, 1",2174.2025665084257,0,1,1
rapid city_sd-wdir,"Rapid City, SD",wdir,"1, 1, 1",4536.939499512917,1,1,1
rapid city_sd-wspd,"Rapid City, SD",wspd,"0, 1, 2",2612.7796650507707,0,1,2
rapid city_sd-pres,"Rapid City, SD",pres,"0, 1, 2",2307.0109214512568,0,1,2
reno_nv-tavg,"Reno, NV",tavg,"1, 1, 2",1669.7373950482008,1,1,2
reno_nv-tmin,"Reno, NV",tmin,"1, 1, 2",1825.2612822781443,1,1,2
reno_nv-tmax,"Reno, NV",tmax,"1, 1, 2",1907.3794910901129,1,1,2
reno_nv-prcp,"Reno, NV",prcp,"1, 0, 0",2070.06078641406,1,0,0
reno_nv-snow,"Reno, NV",snow,"2, 1, 3",2413.208820708384,2,1,3
reno_nv-wdir,"Reno, NV",wdir,"3, 1, 3",4433.66528826787,3,1,3
reno_nv-wspd,"Reno, NV",wspd,"3, 1, 3",2148.52471595107,3,1,3
reno_nv-pres,"Reno, NV",pres,"3, 1, 1",1941.6156669844981,3,1,1
riverton_wy-tavg,"Riverton, WY",tavg,"1, 1, 2",1991.210979426724,1,1,2
riverton_wy-tmin,"Riverton, WY",tmin,"0, 1, 3",2030.5762587615086,0,1,3
riverton_wy-tmax,"Riverton, WY",tmax,"1, 1, 2",2195.2413625551217,1,1,2
riverton_wy-prcp,"Riverton, WY",prcp,"2, 1, 3",1609.1165440572036,2,1,3
riverton_wy-wdir,"Riverton, WY",wdir,"3, 1, 3",4533.7716611040505,3,1,3
riverton_wy-wspd,"Riverton, WY",wspd,"0, 0, 1",2278.3175090722134,0,0,1
riverton_wy-pres,"Riverton, WY",pres,"1, 1, 3",2213.0026237693714,1,1,3
sacramento_ca-tavg,"Sacramento, CA",tavg,"3, 1, 3",1402.443181460186,3,1,3
sacramento_ca-tmin,"Sacramento, CA",tmin,"2, 1, 2",1594.8092593350098,2,1,2
sacramento_ca-tmax,"Sacramento, CA",tmax,"2, 1, 2",1722.5098486728068,2,1,2
sacramento_ca-prcp,"Sacramento, CA",prcp,"1, 1, 2",2508.3372207617267,1,1,2
sacramento_ca-wdir,"Sacramento, CA",wdir,"0, 1, 1",4229.482935104623,0,1,1
sacramento_ca-wspd,"Sacramento, CA",wspd,"1, 1, 1",2205.409501696687,1,1,1
sacramento_ca-pres,"Sacramento, CA",pres,"3, 1, 1",1743.6679672752816,3,1,1
salt lake city_ut-tavg,"Salt Lake City, UT",tavg,"1, 1, 2",1776.313000016941,1,1,2
salt lake city_ut-tmin,"Salt Lake City, UT",tmin,"0, 1, 3",1757.6094902243226,0,1,3
salt lake city_ut-tmax,"Salt Lake City, UT",tmax,"2, 1, 3",1994.4974892894334,2,1,3
salt lake city_ut-prcp,"Salt Lake City, UT",prcp,"3, 0, 2",1892.9533954978788,3,0,2
salt lake city_ut-snow,"Salt Lake City, UT",snow,"1, 1, 3",3053.3779472732895,1,1,3
salt lake city_ut-wdir,"Salt Lake City, UT",wdir,"0, 1, 2",4245.484584591373,0,1,2
salt lake city_ut-wspd,"Salt Lake City, UT",wspd,"3, 0, 2",2242.1755446349553,3,0,2
salt lake city_ut-pres,"Salt Lake City, UT",pres,"1, 1, 2",2117.2353076416266,1,1,2
san diego_ca-tavg,"San Diego, CA",tavg,"2, 1, 1",1188.9623582623979,2,1,1
san diego_ca-tmin,"San Diego, CA",tmin,"1, 1, 2",1397.3316276884566,1,1,2
san diego_ca-tmax,"San Diego, CA",tmax,"1, 1, 2",1748.7462415117866,1,1,2
san diego_ca-prcp,"San Diego, CA",prcp,"3, 1, 3",1640.7566432035817,3,1,3
san diego_ca-wdir,"San Diego, CA",wdir,"2, 1, 2",3844.4697252518954,2,1,2
san diego_ca-wspd,"San Diego, CA",wspd,"3, 1, 3",1527.814455889885,3,1,3
san diego_ca-pres,"San Diego, CA",pres,"3, 1, 2",1501.178296326154,3,1,2
shreveport_la-tavg,"Shreveport, LA",tavg,"2, 1, 3",1854.8222179586132,2,1,3
shreveport_la-tmin,"Shreveport, LA",tmin,"2, 1, 3",1953.7560443905672,2,1,3
shreveport_la-tmax,"Shreveport, LA",tmax,"2, 1, 1",1984.3169867628724,2,1,1
shreveport_la-prcp,"Shreveport, LA",prcp,"2, 1, 1",2680.5462033129643,2,1,1
shreveport_la-wdir,"Shreveport, LA",wdir,"2, 1, 2",4348.683552543075,2,1,2
shreveport_la-wspd,"Shreveport, LA",wspd,"2, 1, 1",2086.825105437525,2,1,1
shreveport_la-pres,"Shreveport, LA",pres,"1, 1, 3",1947.6014106913608,1,1,3
sioux falls_sd-tavg,"Sioux Falls, SD",tavg,"2, 1, 3",2059.8236068538677,2,1,3
sioux falls_sd-tmin,"Sioux Falls, SD",tmin,"2, 1, 1",2032.444374463632,2,1,1
sioux falls_sd-tmax,"Sioux Falls, SD",tmax,"2, 1, 2",2273.4570715027107,2,1,2
sioux falls_sd-prcp,"Sioux Falls, SD",prcp,"0, 1, 1",2430.3102378214708,0,1,1
sioux falls_sd-snow,"Sioux Falls, SD",snow,"1, 1, 1",3011.8315119828876,1,1,1
sioux falls_sd-wdir,"Sioux Falls, SD",wdir,"0, 1, 2",4447.009967952134,0,1,2
sioux falls_sd-wspd,"Sioux Falls, SD",wspd,"3, 1, 3",2368.7770894249206,3,1,3
sioux falls_sd-pres,"Sioux Falls, SD",pres,"1, 1, 2",2347.1092144284303,1,1,2
spokane_wa-tavg,"Spokane, WA",tavg,"1, 1, 2",1665.3348772303825,1,1,2
spokane_wa-tmin,"Spokane, WA",tmin,"2, 1, 1",1758.4409222427694,2,1,1
spokane_wa-tmax,"Spokane, WA",tmax,"3, 1, 3",1918.643447958243,3,1,3
spokane_wa-prcp,"Spokane, WA",prcp,"1, 1, 1",1708.9325851763651,1,1,1
spokane_wa-snow,"Spokane, WA",snow,"3, 0, 2",2875.60935869469,3,0,2
spokane_wa-wdir,"Spokane, WA",wdir,"0, 1, 2",4304.329960147501,0,1,2
spokane_wa-wspd,"Spokane, WA",wspd,"0, 1, 2",2258.4691411876215,0,1,2
spokane_wa-pres,"Spokane, WA",pres,"3, 1, 3",2228.6532076667236,3,1,3
springfield_mo-tavg,"Springfield, MO",tavg,"1, 1, 2",1935.353519377957,1,1,2
springfield_mo-tmin,"Springfield, MO",tmin,"0, 1, 3",2008.1235659820354,0,1,3
springfield_mo-tmax,"Springfield, MO",tmax,"0, 1, 3",2173.574181984532,0,1,3
springfield_mo-prcp,"Springfield, MO",prcp,"0, 1, 1",2558.386139804643,0,1,1
springfield_mo-snow,"Springfield, MO",snow,"3, 1, 2",2629.8169518309724,3,1,2
springfield_mo-wdir,"Springfield, MO",wdir,"1, 1, 1",4326.114983568603,1,1,1
springfield_mo-wspd,"Springfield, MO",wspd,"0, 1, 2",2237.6972334822567,0,1,2
springfield_mo-pres,"Springfield, MO",pres,"1, 1, 2",2140.1527917179037,1,1,2
st. louis_mo-tavg,"St. Louis, MO",tavg,"1, 1, 2",1979.4547032976561,1,1,2
st. louis_mo-tmin,"St. Louis, MO",tmin,"2, 1, 2",2032.6623201418597,2,1,2
st. louis_mo-tmax,"St. Louis, MO",tmax,"0, 1, 3",2176.3981136754333,0,1,3
st. louis_mo-prcp,"St. Louis, MO",prcp,"3, 0, 2",2499.425986868526,3,0,2
st. louis_mo-wdir,"St. Louis, MO",wdir,"1, 1, 1",4487.290863093074,1,1,1
st. louis_mo-wspd,"St. Louis, MO",wspd,"0, 1, 2",2106.421873093231,0,1,2
st. louis_mo-pres,"St. Louis, MO",pres,"1, 1, 2",2183.392534763916,1,1,2
state college_pa-tavg,"State College, PA",tavg,"0, 1, 3",1891.9175073723118,0,1,3
state college_pa-tmin,"State College, PA",tmin,"0, 1, 3",1931.1388055527111,0,1,3
state college_pa-tmax,"State College, PA",tmax,"0, 1, 3",2103.3006464036375,0,1,3
state college_pa-prcp,"State College, PA",prcp,"0, 0, 1",2582.162678946669,0,0,1
state college_pa-wdir,"State College, PA",wdir,"3, 1, 3",4333.248227834789,3,1,3
state college_pa-wspd,"State College, PA",wspd,"3, 1, 3",2186.6628387306064,3,1,3
state college_pa-pres,"State College, PA",pres,"3, 0, 1",2213.1824880286376,3,0,1
tallahassee_fl-tavg,"Tallahassee, FL",tavg,"1, 1, 2",1635.462636390485,1,1,2
tallahassee_fl-tmin,"Tallahassee, FL",tmin,"3, 1, 3",1877.3169702487567,3,1,3
tallahassee_fl-tmax,"Tallahassee, FL",tmax,"2, 1, 1",1795.2930044584593,2,1,1
tallahassee_fl-prcp,"Tallahassee, FL",prcp,"0, 0, 1",2631.083655386363,0,0,1
tallahassee_fl-wdir,"Tallahassee, FL",wdir,"1, 1, 2",4555.800301954807,1,1,2
tallahassee_fl-wspd,"Tallahassee, FL",wspd,"0, 1, 2",2010.6476441302548,0,1,2
tallahassee_fl-pres,"Tallahassee, FL",pres,"3, 1, 2",1691.0547001215953,3,1,2
tampa_fl-tavg,"Tampa, FL",tavg,"3, 1, 2",1377.01367481796,3,1,2
tampa_fl-tmin,"Tampa, FL",tmin,"3, 1, 2",1594.3367623668903,3,1,2
tampa_fl-tmax,"Tampa, FL",tmax,"2, 1, 1",1566.0435529528795,2,1,1
tampa_fl-prcp,"Tampa, FL",prcp,"0, 1, 2",2521.042606530733,0,1,2
tampa_fl-wdir,"Tampa, FL",wdir,"3, 0, 3",4377.927587864733,3,0,3
tampa_fl-wspd,"Tampa, FL",wspd,"2, 1, 3",1846.8307253023977,2,1,3
tampa_fl-pres,"Tampa, FL",pres,"1, 1, 3",1470.8318618555984,1,1,3
topeka_ks-tavg,"Topeka, KS",tavg,"1, 1, 2",2029.1743303076223,1,1,2
topeka_ks-tmin,"Topeka, KS",tmin,"3, 2, 2",1988.9479244914155,3,2,2
topeka_ks-tmax,"Topeka, KS",tmax,"1, 1, 2",2248.191858346895,1,1,2
topeka_ks-prcp,"Topeka, KS",prcp,"0, 1, 2",2470.601350200866,0,1,2
topeka_ks-snow,"Topeka, KS",snow,"0, 1, 3",2819.5611761000373,0,1,3
topeka_ks-wdir,"Topeka, KS",wdir,"1, 1, 3",4429.871508300774,1,1,3
topeka_ks-wspd,"Topeka, KS",wspd,"1, 1, 1",2262.526915469971,1,1,1
topeka_ks-pres,"Topeka, KS",pres,"1, 1, 2",2290.4310144863334,1,1,2
tucson_az-tavg,"Tucson, AZ",tavg,"3, 1, 3",1565.261414937173,3,1,3
tucson_az-tmin,"Tucson, AZ",tmin,"3, 1, 3",1663.6722109115562,3,1,3
tucson_az-tmax,"Tucson, AZ",tmax,"1, 1, 2",1737.47771705844,1,1,2
tucson_az-prcp,"Tucson, AZ",prcp,"3, 0, 1",2112.6567008321545,3,0,1
tucson_az-wdir,"Tucson, AZ",wdir,"0, 1, 2",4125.3682098370045,0,1,2
tucson_az-wspd,"Tucson, AZ",wspd,"2, 1, 1",1926.0635060455675,2,1,1
tucson_az-pres,"Tucson, AZ",pres,"0, 1, 3",1682.5301997685956,0,1,3
tulsa_ok-tavg,"Tulsa, OK",tavg,"1, 1, 2",1926.0930815920506,1,1,2
tulsa_ok-tmin,"Tulsa, OK",tmin,"0, 1, 3",2035.7716063013977,0,1,3
tulsa_ok-tmax,"Tulsa, OK",tmax,"2, 1, 1",2110.2493322802366,2,1,1
tulsa_ok-prcp,"Tulsa, OK",prcp,"1, 1, 1",2518.00412995184,1,1,1
tulsa_ok-snow,"Tulsa, OK",snow,"3, 0, 3",2547.171578696214,3,0,3
tulsa_ok-wdir,"Tulsa, OK",wdir,"2, 1, 3",4346.672051206247,2,1,3
tulsa_ok-wspd,"Tulsa, OK",wspd,"3, 0, 2",2254.568545564081,3,0,2
tulsa_ok-pres,"Tulsa, OK",pres,"1, 1, 2",2184.845102998775,1,1,2
wakefield_va-tavg,"Wakefield, VA",tavg,"0, 1, 3",1905.695287804857,0,1,3
wakefield_va-tmin,"Wakefield, VA",tmin,"0, 1, 3",2049.5899375424756,0,1,3
wakefield_va-tmax,"Wakefield, VA",tmax,"2, 1, 3",2053.6121583475388,2,1,3
wakefield_va-prcp,"Wakefield, VA",prcp,"2, 1, 3",2558.785667247283,2,1,3
wakefield_va-wdir,"Wakefield, VA",wdir,"1, 1, 1",4569.212504948511,1,1,1
wakefield_va-wspd,"Wakefield, VA",wspd,"1, 1, 2",1827.7411879614287,1,1,2
wakefield_va-pres,"Wakefield, VA",pres,"3, 1, 1",2189.6318929686295,3,1,1
wichita_ks-tavg,"Wichita, KS",tavg,"2, 1, 3",1956.993655966257,2,1,3
wichita_ks-tmin,"Wichita, KS",tmin,"3, 2, 2",1916.0227899885945,3,2,2
wichita_ks-tmax,"Wichita, KS",tmax,"2, 1, 1",2201.9535769153,2,1,1
wichita_ks-prcp,"Wichita, KS",prcp,"0, 0, 1",2320.853159661329,0,0,1
wichita_ks-snow,"Wichita, KS",snow,"3, 0, 3",2621.2885980730275,3,0,3
wichita_ks-wdir,"Wichita, KS",wdir,"3, 1, 3",4295.802697534491,3,1,3
wichita_ks-wspd,"Wichita, KS",wspd,"3, 1, 3",2400.5368163479516,3,1,3
wichita_ks-pres,"Wichita, KS",pres,"1, 1, 2",2278.9895950727805,1,1,2
wilmington_nc-tavg,"Wilmington, NC",tavg,"0, 1, 3",1822.7470849429133,0,1,3
wilmington_nc-tmin,"Wilmington, NC",tmin,"0, 1, 3",1932.706995230947,0,1,3
wilmington_nc-tmax,"Wilmington, NC",tmax,"2, 1, 1",1978.4386736000602,2,1,1
wilmington_nc-prcp,"Wilmington, NC",prcp,"3, 1, 3",2818.0157383446967,3,1,3
wilmington_nc-wdir,"Wilmington, NC",wdir,"1, 1, 1",4383.608287003411,1,1,1
wilmington_nc-wspd,"Wilmington, NC",wspd,"0, 1, 2",2172.7379701628356,0,1,2
wilmington_nc-pres,"Wilmington, NC",pres,"3, 1, 3",2060.9986317536172,3,1,3
