id,name,country,region,wmo,icao,latitude,longitude,elevation,timezone,hourly_start,hourly_end,daily_start,daily_end,monthly_start,monthly_end,callsign
70272,Anchorage Air Force Base,US,AK,70272,PAED,61.25,-149.7833,65.0,America/Juneau,2006-01-01,2022-04-02,1947-01-14,2022-03-31,1949-01-01,2022-01-01,"Anchorage, AK"
70273,Anchorage Ted Stevens Airport,US,AK,70273,PANC,61.1667,-150.0333,44.0,America/Juneau,1973-01-01,2022-04-02,1952-04-01,2022-03-30,1951-01-01,2022-01-01,"Anchorage, AK"
PALH0,Anchorage / Turnagain Heights,US,AK,,PALH,61.18,-149.9719,22.0,America/Juneau,2002-01-01,2022-04-02,2002-01-01,2022-03-30,2002-01-01,2022-01-01,"Anchorage, AK"
70261,Fairbanks Airport,US,AK,70261,PAFA,64.8,-147.8667,132.0,America/Juneau,1946-01-01,2022-04-02,1929-12-01,2022-03-31,1929-01-01,2022-01-01,"Fairbanks, AK"
70265,Fairbanks Air Force Base,US,AK,70265,PAEI,64.65,-147.1,167.0,America/Juneau,2006-01-02,2022-04-02,1949-01-01,2022-03-31,1949-01-01,2021-01-01,"Fairbanks, AK"
PAFB0,Fairbanks / Hamilton Acres,US,AK,,PAFB,64.8376,-147.6145,140.0,America/Juneau,2006-01-03,2022-04-02,2012-03-10,2022-03-30,2018-01-01,2022-01-01,"Fairbanks, AK"
70381,Juneau International Airport,US,AK,70381,PAJN,58.35,-134.5667,6.0,America/Juneau,1973-01-01,2022-04-02,1936-09-01,2022-03-31,1936-01-01,2022-01-01,"Juneau, AK"
72565,Denver International Airport,US,CO,72565,KDEN,39.8667,-104.6667,1655.0,America/Denver,1994-07-18,2022-04-02,1994-07-19,2022-03-31,1995-01-01,2022-01-01,"Denver, CO"
KAPA0,Denver / Dove Valley,US,CO,,KAPA,39.5701,-104.8493,1794.0,America/Denver,2006-01-01,2022-04-02,2006-01-01,2022-03-30,2006-01-01,2022-01-01,"Denver, CO"
KBJC0,Denver / Broomfield / Countryside,US,CO,,KBJC,39.9088,-105.1172,1729.0,America/Denver,2006-01-01,2022-04-02,2017-06-15,2022-03-30,2020-01-01,2022-01-01,"Denver, CO"
KBKF0,Denver / Aurora / Side Creek,US,CO,,KBKF,39.7017,-104.7517,1726.0,America/Denver,1944-03-01,2022-04-02,1961-03-02,2022-03-30,1961-01-01,2021-01-01,"Denver, CO"
72476,Grand Junction Walker Field,US,CO,72476,KGJT,39.1333,-108.5333,1481.0,America/Denver,1973-01-01,2022-04-02,1900-01-01,2022-03-31,1900-01-01,2022-01-01,"Grand Junction, CO"
72464,Pueblo Memorial Airport,US,CO,72464,KPUB,38.2833,-104.5,1440.0,America/Denver,1942-10-01,2022-04-02,1942-10-01,2022-03-31,1942-01-01,2022-01-01,"Pueblo, CO"
72530,Chicago Oâ€™hare Airport,US,IL,72530,KORD,41.9833,-87.9167,204.0,America/Chicago,1946-10-01,2022-04-02,1946-10-09,2022-03-31,1946-01-01,2022-01-01,"Chicago, IL"
72534,Chicago Midway Airport,US,IL,72534,KMDW,41.7833,-87.75,189.0,America/Chicago,1973-01-01,2022-04-02,1928-02-29,2022-03-31,1928-01-01,2022-01-01,"Chicago, IL"
KDPA0,Chicago / Surrey Woods,US,IL,,KDPA,41.9069,-88.2482,231.0,America/Chicago,2006-01-01,2022-04-02,2006-01-01,2022-03-31,2006-01-01,2021-01-01,"Chicago, IL"
KIGQ0,Chicago / Lynwood,US,IL,,KIGQ,41.5349,-87.5295,189.0,America/Chicago,2006-01-02,2022-04-02,2011-03-17,2022-03-31,2014-01-01,2022-01-01,"Chicago, IL"
KPWK0,Chicago / Wood Oaks Glen,US,IL,,KPWK,42.1143,-87.9015,197.0,America/Chicago,2006-01-01,2022-04-02,2006-01-01,2022-03-31,2006-01-01,2021-01-01,"Chicago, IL"
KUGN0,Chicago / Bancroft Corners,US,IL,,KUGN,42.4222,-87.8679,222.0,America/Chicago,2006-01-01,2022-04-02,2006-01-01,2022-03-31,2006-01-01,2021-01-01,"Chicago, IL"
72438,Indianapolis International  Airport,US,IN,72438,KIND,39.7167,-86.1167,243.0,America/Indiana/Indianapolis,1942-10-06,2022-04-02,1942-10-06,2022-03-31,1942-01-01,2022-01-01,"Indianapolis, IN"
KEYE0,Indianapolis / Clermont,US,IN,,KEYE,39.8308,-86.2944,251.0,America/Indiana/Indianapolis,2006-01-01,2022-04-02,2006-01-01,2022-03-30,2006-01-01,2022-01-01,"Indianapolis, IN"
KTYQ0,Indianapolis / Jolietville,US,IN,,KTYQ,40.0307,-86.2514,281.0,America/Indiana/Indianapolis,2014-01-01,2022-04-02,2014-01-01,2022-03-31,2014-01-01,2022-01-01,"Indianapolis, IN"
72546,Des Moines International,US,IA,72546,KDSM,41.5333,-93.6531,292.0,America/Chicago,1973-01-01,2022-04-02,1945-07-01,2022-03-31,1945-01-01,2022-01-01,"Des Moines, IA"
72465,Goodland Renner Field,US,KS,72465,KGLD,39.3667,-101.7,1114.0,America/Denver,1973-01-01,2022-04-02,1895-06-09,2022-03-31,1895-01-01,2022-01-01,"Goodland, KS"
72456,Topeka Billard Municipal Airport,US,KS,72456,KTOP,39.0667,-95.1333,269.0,America/Chicago,1973-01-01,2022-04-02,1946-08-01,2022-03-31,1946-01-01,2022-01-01,"Topeka, KS"
72450,Wichita Mid-Continent Airport,US,KS,72450,KICT,37.65,-97.1,406.0,America/Chicago,1973-01-01,2022-04-02,1953-12-01,2022-03-31,1951-01-01,2022-01-01,"Wichita, KS"
KAAO0,Wichita / Minneha,US,KS,,KAAO,37.7476,-97.2211,433.0,America/Chicago,2006-01-01,2022-04-02,2006-01-01,2022-03-31,2006-01-01,2022-01-01,"Wichita, KS"
72537,Detroit Metropolitan,US,MI,72537,KDTW,42.2333,-83.0,195.0,America/Detroit,1942-08-01,2022-04-02,1942-08-01,2022-03-31,1942-01-01,2022-01-01,"Detroit, MI"
KDET0,Detroit / Hamtramck,US,MI,,KDET,42.4092,-83.0099,191.0,America/Detroit,1973-01-01,2022-04-02,1973-01-01,2022-03-30,1981-01-01,2022-01-01,"Detroit, MI"
KYIP0,Detroit / Denton,US,MI,,KYIP,42.2393,-83.531,218.0,America/Detroit,1973-01-01,2022-04-02,1973-01-03,2022-03-30,2005-01-01,2022-01-01,"Detroit, MI"
72634,"Gaylord, Mi.",US,MI,72634,KAPX,44.9167,-84.7167,446.0,America/Detroit,1973-01-01,2001-05-02,1998-08-01,2022-03-29,1998-01-01,2022-01-01,"Gaylord, MI"
KGLR0,Gaylord / Nottingham Forest Mobile Home Park,US,MI,,KGLR,45.0136,-84.7036,405.0,America/Detroit,2006-01-01,2022-04-02,2006-01-01,2022-03-31,2006-01-01,2022-01-01,"Gaylord, MI"
72743,Marquette,US,MI,72743,KMQT,46.5333,-87.55,434.0,America/Detroit,1973-01-01,2022-02-23,1857-09-01,2022-03-29,1857-01-01,2022-01-01,"Marquette, MI"
72745,Duluth International Airport,US,MN,72745,KDLH,46.8333,-92.2167,435.0,America/Chicago,1948-01-01,2022-04-02,1948-01-01,2022-03-31,1948-01-01,2022-01-01,"Duluth, MN"
KDYT0,Duluth / East End,US,MN,,KDYT,46.7219,-92.0434,186.0,America/Chicago,2006-01-01,2022-04-02,2006-01-01,2022-03-31,2010-01-01,2022-01-01,"Duluth, MN"
72446,Kansas City International Airport,US,MO,72446,KMCI,39.2972,-94.7306,313.0,America/Chicago,1973-01-01,2022-04-02,1972-10-01,2022-03-31,1972-01-01,2022-01-01,"Kansas City, MO"
KGVW0,Kansas City,US,MO,,KGVW,38.8442,-94.5603,0.0,America/Chicago,1954-03-27,2022-04-02,1954-03-28,2022-03-31,1954-01-01,1977-01-01,"Kansas City, MO"
KMKC0,Kansas City / Harlem,US,MO,,KMKC,39.1232,-94.5928,230.0,America/Chicago,1990-02-08,2022-04-02,1990-02-09,2022-03-30,2005-01-01,2021-01-01,"Kansas City, MO"
72440,Springfield-Branson National,US,MO,72440,KSGF,37.2333,-93.05,386.0,America/Chicago,1973-01-01,2022-04-02,1940-08-01,2022-03-31,1940-01-01,2022-01-01,"Springfield, MO"
KSUS0,St Louis / St. Louis / Stevens,US,MO,,KSUS,38.6621,-90.6521,141.0,America/Chicago,1973-01-01,2022-04-02,1986-11-08,2022-03-30,1987-01-01,2021-01-01,"St. Louis, MO"
KHSI0,Hastings / Ingleside,US,NE,,KHSI,40.6052,-98.4279,598.0,America/Chicago,2006-01-01,2022-04-02,2006-01-01,2022-03-30,2006-01-01,2021-01-01,"Hastings, NE"
72562,North Platte Regional Airport,US,NE,72562,KLBF,41.1167,-100.6667,847.0,America/Chicago,1973-01-01,2022-04-02,1948-01-01,2022-03-31,1948-01-01,2022-01-01,"North Platte, NE"
72550,Omaha Eppley Airfield,US,NE,72550,KOMA,41.3,-95.9,300.0,America/Chicago,1975-01-01,2022-04-02,1948-01-01,2022-03-31,1948-01-01,2022-01-01,"Omaha, NE"
72554,Omaha / Offutt Air Force Base,US,NE,72554,KOFF,41.1167,-95.9,319.0,America/Chicago,1948-01-12,2022-04-02,1948-01-13,2022-03-31,1948-01-01,2020-01-01,"Omaha, NE"
KMLE0,Omaha / Millard,US,NE,,KMLE,41.196,-96.1123,320.0,America/Chicago,2006-01-01,2022-04-02,2006-01-01,2022-03-31,2006-01-01,2022-01-01,"Omaha, NE"
72764,Bismarck Municipal Airport,US,ND,72764,KBIS,46.7833,-100.75,511.0,America/Chicago,1936-07-01,2022-04-02,1936-07-01,2022-03-31,1936-01-01,2022-01-01,"Bismarck, ND"
KGFK0,Grand Forks / Powell,US,ND,,KGFK,47.9473,-97.1738,257.0,America/Chicago,2010-08-01,2022-04-02,2010-08-01,2022-03-30,2010-01-01,2022-01-01,"Grand Forks, ND"
72659,Aberdeen Regional Airport,US,SD,72659,KABR,45.45,-98.4167,397.0,America/Chicago,1973-01-01,2022-04-02,1893-01-01,2022-03-31,1893-01-01,2022-01-01,"Aberdeen, SD"
72662,Rapid City Regional Airport,US,SD,72662,KRAP,44.05,-103.05,976.0,America/Denver,1973-01-01,2022-04-02,1948-05-01,2022-03-31,1948-01-01,2022-01-01,"Rapid City, SD"
72651,Sioux Falls Foss Field,US,SD,72651,KFSD,43.5833,-96.75,436.0,America/Chicago,1942-10-01,2022-04-02,1932-01-01,2022-03-31,1932-01-01,2022-01-01,"Sioux Falls, SD"
72643,La Crosse Municipal Airport,US,WI,72643,KLSE,43.8833,-91.25,199.0,America/Chicago,1948-01-01,2022-04-02,1938-04-01,2022-03-31,1938-01-01,2022-01-01,"La Crosse, WI"
72564,Cheyenne Airport,US,WY,72564,KCYS,41.15,-104.8,1878.0,America/Denver,1948-01-01,2022-04-02,1915-01-01,2022-03-31,1915-01-01,2022-01-01,"Cheyenne, WY"
KFEW0,Cheyenne F E Warren / Warren Air Force Base,US,WY,,KFEW,41.1333,-104.8672,1878.0,America/Denver,2009-04-23,2022-04-02,2011-07-22,2022-03-30,2016-01-01,2022-01-01,"Cheyenne, WY"
72672,Riverton Regional Airport,US,WY,72672,KRIW,43.0667,-108.45,1684.0,America/Denver,2007-04-01,2022-04-02,2007-04-01,2022-03-31,2007-01-01,2021-01-01,"Riverton, WY"
72712,Caribou Municipal Airport,US,ME,72712,KCAR,46.8667,-68.0167,191.0,America/New_York,1973-01-01,2022-04-02,1939-01-16,2022-04-01,1939-01-01,2022-01-01,"Caribou, ME"
74389,"Gray, Me.",US,ME,74389,KGYX,43.9,-70.25,125.0,America/New_York,,,1995-10-01,2022-03-28,1995-01-01,2022-01-01,"Gray, ME"
72509,Boston Logan International,US,MA,72509,KBOS,42.3667,-71.0167,6.0,America/New_York,1943-11-21,2022-04-02,1936-01-01,2022-03-31,1936-01-01,2022-01-01,"Boston, MA"
KTAN0,Boston / East Taunton,US,MA,,KTAN,41.8744,-71.0166,13.0,America/New_York,2006-01-01,2022-04-02,2006-01-01,2022-03-30,2006-01-01,2022-01-01,"Boston, MA"
KVAY0,Mount Holly / Springville,US,NJ,,KVAY,39.9429,-74.8457,16.0,America/New_York,2006-01-01,2022-04-02,2006-01-01,2022-03-30,2006-01-01,2021-01-01,"Mount Holly, NJ"
72518,Albany International Airport,US,NY,72518,KALB,42.75,-73.1333,87.0,America/New_York,1946-01-01,2022-04-02,1938-06-01,2022-03-31,1938-01-01,2022-01-01,"Albany, NY"
72515,Binghamton Regional Airport,US,NY,72515,KBGM,42.2,-75.15,499.0,America/New_York,1973-01-01,2022-04-02,1951-05-25,2022-03-31,1951-01-01,2022-01-01,"Binghamton, NY"
72528,Buffalo Airport,US,NY,72528,KBUF,42.9333,-78.7333,221.0,America/New_York,1942-02-01,2022-04-02,1938-05-01,2022-03-31,1938-01-01,2022-01-01,"Buffalo, NY"
KJRB0,New York / Wall Street,US,NY,,KJRB,40.7012,-74.009,2.0,America/New_York,2016-07-20,2022-03-29,2016-07-21,2022-03-25,2019-01-01,2021-01-01,"New York, NY"
KNYC0,New York City / Yorkville,US,NY,,KNYC,40.7789,-73.9692,3.0,America/New_York,1943-12-01,2022-04-02,1943-12-02,2022-03-31,1944-01-01,2021-01-01,"New York, NY"
72306,Raleigh-Durham International  Airport,US,NC,72306,KRDU,35.9,-78.7667,133.0,America/New_York,1945-11-01,2022-04-02,1944-05-18,2022-03-31,1944-01-01,2022-01-01,"Raleigh, NC"
72302,Wilmington / The Palms Mobile Home Park,US,NC,72302,KILM,34.2706,-77.9026,10.0,America/New_York,1991-01-01,2022-04-02,1948-01-01,2022-03-31,1948-01-01,2022-01-01,"Wilmington, NC"
72524,Cleveland-Hopkins International,US,OH,72524,KCLE,41.4,-81.85,241.0,America/New_York,1973-01-01,2022-04-02,1938-05-01,2022-03-31,1938-01-01,2022-01-01,"Cleveland, OH"
KLUK0,Cincinnati / Columbia,US,OH,,KLUK,39.1033,-84.4186,147.0,America/New_York,1973-01-01,2022-04-02,1973-01-01,2022-03-31,1999-01-01,2022-01-01,"Cincinnati, OH"
72520,Greater Pittsburgh International,US,PA,72520,KPIT,40.4833,-80.0667,367.0,America/New_York,1945-02-01,2022-04-02,1945-02-01,2022-03-31,1945-01-01,2022-01-01,"Pittsburgh, PA"
KUNV0,State College / Hunter Park,US,PA,,KUNV,40.8493,-77.8487,378.0,America/New_York,2005-01-01,2022-04-02,2005-01-01,2022-03-31,2015-01-01,2022-01-01,"State College, PA"
72208,Charleston Airport,US,SC,72208,KCHS,32.9,-80.0333,14.0,America/New_York,1945-01-01,2022-04-02,1937-03-01,2022-03-31,1937-01-01,2022-01-01,"Charleston, SC"
KJZI0,Charleston / Grimball Shores,US,SC,,KJZI,32.701,-80.0033,6.0,America/New_York,2013-01-01,2022-04-02,2013-01-01,2022-03-31,2015-01-01,2022-01-01,"Charleston, SC"
72310,Columbia Metropolitan Airport,US,SC,72310,KCAE,33.95,-81.1167,72.0,America/New_York,1942-04-24,2022-04-02,1942-04-24,2022-03-31,1942-01-01,2022-01-01,"Columbia, SC"
KCUB0,Columbia / Arthurtown,US,SC,,KCUB,33.9705,-80.9952,59.0,America/New_York,2006-01-01,2022-04-02,2006-01-01,2022-03-31,2006-01-01,2021-01-01,"Columbia, SC"
72312,Greer Greenville Spartburg,US,SC,72312,KGSP,34.8833,-82.05,296.0,America/New_York,1973-01-01,2022-04-02,1962-10-15,2022-03-31,1962-01-01,2022-01-01,"Greenville, SC"
KGMU0,Greenville / Woods (Historical),US,SC,,KGMU,34.8479,-82.35,319.0,America/New_York,1942-09-08,2022-04-02,1942-09-09,2022-03-31,1942-01-01,2021-01-01,"Greenville, SC"
KGYH0,Greenville / Holly Springs,US,SC,,KGYH,34.7583,-82.3764,291.0,America/New_York,2006-01-01,2022-04-02,2009-09-14,2022-03-31,2020-01-01,2021-01-01,"Greenville, SC"
72617,Burlington International,US,VT,72617,KBTV,44.4667,-73.15,102.0,America/New_York,1948-01-01,2022-04-02,1940-12-01,2022-03-31,1940-01-01,2022-01-01,"Burlington, VT"
KBCB0,Blacksburg / Airport Acres,US,VA,,KBCB,37.2076,-80.4078,650.0,America/New_York,2006-01-01,2022-04-02,2006-01-04,2022-03-31,2010-01-01,2022-01-01,"Blacksburg, VA"
KAKQ0,Wakefield,US,VA,,KAKQ,36.9872,-77.0011,34.0,America/New_York,2006-01-01,2022-04-02,2006-01-01,2022-03-30,2006-01-01,2022-01-01,"Wakefield, VA"
91182,Honolulu International Airport,US,HI,91182,PHNL,21.3333,-157.95,4.0,Pacific/Honolulu,1939-06-01,2022-04-02,1939-06-01,2022-03-30,1939-01-01,2022-01-01,"Honolulu, HI"
72228,Birmingham Airport,US,AL,72228,KBHM,33.5667,-86.75,196.0,America/Chicago,1942-08-01,2022-04-02,1930-01-01,2022-03-31,1930-01-01,2022-01-01,"Birmingham, AL"
72323,Huntsville International  Jones Field,US,AL,72323,KHSV,34.65,-86.7833,192.0,America/Chicago,1973-01-01,2022-04-02,1958-09-01,2022-03-31,1958-01-01,2022-01-01,"Huntsville, AL"
KMDQ0,Huntsville / Meridianville,US,AL,,KMDQ,34.8614,-86.5575,230.0,America/Chicago,2006-01-01,2022-04-02,2006-01-04,2022-03-31,2011-01-01,2022-01-01,"Huntsville, AL"
72223,Mobile Regional Airport,US,AL,72223,KMOB,30.6833,-88.0667,66.0,America/Chicago,1973-01-01,2022-04-02,1948-01-01,2022-03-31,1948-01-01,2022-01-01,"Mobile, AL"
KBFM0,Mobile / Curve Mobile Home Park,US,AL,,KBFM,30.6268,-88.0681,8.0,America/Chicago,1942-07-01,2022-04-02,1942-07-02,2022-03-30,1942-01-01,2022-01-01,"Mobile, AL"
KCQF0,Fairhope / Country Living Mobile Home Park,US,AL,,KCQF,30.4605,-87.877,28.0,America/Chicago,2008-10-22,2022-04-02,2008-10-23,2022-03-31,2014-01-01,2022-01-01,"Mobile, AL"
KJKA0,Gulf Shores / Bay Village Mobile Home Park,US,AL,,KJKA,30.2896,-87.6718,5.0,America/Chicago,2006-05-01,2022-04-02,2006-05-02,2022-03-31,2010-01-01,2022-01-01,"Mobile, AL"
KTOI0,Troy / North Ridge Mobile Home Park,US,AL,,KTOI,31.8604,-86.0121,121.0,America/Chicago,1973-01-08,2022-04-02,2004-01-05,2022-03-31,2005-01-01,2022-01-01,"Mobile, AL"
72340,"North Little Rock, North Little Rock Airport",US,AR,72340,KLZK,34.8333,-92.25,165.0,America/Chicago,2006-01-01,2021-10-29,1976-11-01,2022-03-28,1951-01-01,2022-01-01,"Little Rock, AR"
KLRF0,Little Rock / Jacksonville / Macon,US,AR,,KLRF,34.9168,-92.1465,95.0,America/Chicago,1956-01-01,2022-04-02,1956-02-22,2022-03-30,1956-01-01,2021-01-01,"Little Rock, AR"
72206,Jacksonville International,US,FL,72206,KJAX,30.5,-81.0333,9.0,America/New_York,1948-01-01,2022-04-02,1938-04-01,2022-03-31,1938-01-01,2022-01-01,"Jacksonville, FL"
74782,Jacksonville / Hatch Road Mobile Home Park,US,FL,74782,KCRG,30.3363,-81.5144,13.0,America/New_York,2005-01-01,2022-04-02,1998-01-01,2022-03-31,1998-01-01,2022-01-01,"Jacksonville, FL"
KVQQ0,Jacksonville / Baileys Mobile Home Park,US,FL,,KVQQ,30.2187,-81.8767,24.0,America/New_York,2006-01-01,2022-04-02,2008-11-02,2022-03-31,2020-01-01,2022-01-01,"Jacksonville, FL"
72201,Key West Airport,US,FL,72201,KEYW,24.55,-81.1,1.0,America/New_York,1973-01-01,2022-04-02,1948-01-01,2022-03-31,1948-01-01,2022-01-01,"Key West, FL"
72204,Melbourne International,US,FL,72204,KMLB,28.1,-80.65,10.0,America/New_York,1974-11-13,2022-04-02,1974-11-13,2022-03-31,2000-01-01,2022-01-01,"Melbourne, FL"
72202,Miami International Airport,US,FL,72202,KMIA,25.7833,-80.3167,4.0,America/New_York,1973-01-01,2022-04-02,1948-01-01,2022-03-31,1948-01-01,2022-01-01,"Miami, FL"
KTMB0,Miami / Country Walk,US,FL,,KTMB,25.6479,-80.4328,3.0,America/New_York,2006-01-01,2022-04-02,2006-01-01,2022-03-30,2006-01-01,2021-01-01,"Miami, FL"
72214,Tallahassee Airport,US,FL,72214,KTLH,30.4,-84.0167,25.0,America/New_York,1942-05-01,2022-04-02,1940-03-01,2022-03-31,1940-01-01,2022-01-01,"Tallahassee, FL"
72210,Tampa Bay Area,US,FL,72210,KTBW,27.7,-82.4,12.0,America/New_York,1977-08-26,2006-04-01,1976-03-01,2022-03-28,1976-01-01,2022-01-01,"Tampa, FL"
72211,Tampa International Airport,US,FL,72211,KTPA,27.9667,-82.5333,8.0,America/New_York,1940-08-01,2022-04-02,1939-02-01,2022-03-31,1939-01-01,2022-01-01,"Tampa, FL"
KTPF0,Tampa / The Pointe At Harbour Island,US,FL,,KTPF,27.9156,-82.4493,2.0,America/New_York,2006-10-25,2022-04-02,2010-06-25,2022-03-31,2015-01-01,2022-01-01,"Tampa, FL"
KVDF0,Tampa / Firn Acres,US,FL,,KVDF,28.014,-82.3453,6.0,America/New_York,2005-01-01,2022-04-02,2005-05-03,2022-03-31,2017-01-01,2022-01-01,"Tampa, FL"
72215,Peachtree City,US,GA,72215,KFFC,33.3667,-84.5667,262.0,America/New_York,2006-01-01,2022-04-02,1994-08-01,2022-03-31,1994-01-01,2022-01-01,"Peachtree City, GA"
72240,Lake Charles Regional Airport,US,LA,72240,KLCH,30.2,-93.3833,5.0,America/Chicago,1942-05-02,2022-04-02,1942-05-02,2022-03-31,1942-01-01,2022-01-01,"Lake Charles, LA"
72231,New Orleans Airport,US,LA,72231,KMSY,30.0,-90.0833,2.0,America/Chicago,1945-10-01,2022-04-02,1945-10-01,2022-03-31,1945-01-01,2022-01-01,"New Orleans, LA"
KNBG0,New Orleans / Concession,US,LA,,KNBG,29.8272,-90.0266,1.0,America/Chicago,1973-01-01,2022-04-02,1973-01-01,2022-03-30,1981-01-01,2019-01-01,"New Orleans, LA"
KNEW0,New Orleans / Seabrook,US,LA,,KNEW,30.0424,-90.0282,2.0,America/Chicago,1942-09-01,2022-04-02,1942-09-02,2022-03-30,1942-01-01,2022-01-01,"New Orleans, LA"
72248,Shreveport Regional Airport,US,LA,72248,KSHV,32.45,-93.0,79.0,America/Chicago,1973-01-01,2022-04-02,1939-07-01,2022-03-31,1939-01-01,2022-01-01,"Shreveport, LA"
KDTN0,Shreveport,US,LA,,KDTN,32.5402,-93.745,55.0,America/Chicago,2000-01-01,2022-04-02,2000-01-01,2022-03-30,2001-01-01,2021-01-01,"Shreveport, LA"
72235,Jackson Airport,US,MS,72235,KJAN,32.3167,-90.0667,105.0,America/Chicago,1942-09-01,2022-04-02,1942-09-01,2022-03-30,1942-01-01,2022-01-01,"Jackson, MS"
72419,Jackson / Northwest Hills,US,MS,72419,KHKS,32.3348,-90.2225,104.0,America/Chicago,2005-01-01,2022-04-02,1981-01-01,2022-03-31,1981-01-01,2022-01-01,"Jackson, MS"
72365,Albuquerque International  Airport,US,NM,72365,KABQ,35.0333,-106.6,1631.0,America/Denver,1941-07-01,2022-04-02,1931-03-01,2022-03-31,1931-01-01,2022-01-01,"Albuquerque, NM"
KAEG0,Albuquerque / Taylor Ranch,US,NM,,KAEG,35.1452,-106.7952,1779.0,America/Denver,2006-01-01,2022-04-02,2006-01-02,2022-03-31,2010-01-01,2022-01-01,"Albuquerque, NM"
72357,Norman / Max Westheimer,US,OK,72357,KOUN,35.2167,-97.45,357.0,America/Chicago,2006-01-01,2022-04-02,2006-01-01,2022-03-31,2015-01-01,2022-01-01,"Norman, OK"
72356,Tulsa International Airport,US,OK,72356,KTUL,36.2,-95.8881,206.0,America/Chicago,1947-01-01,2022-04-02,1938-12-01,2022-03-31,1938-01-01,2022-01-01,"Tulsa, OK"
KRVS0,Tulsa / Jenks,US,OK,,KRVS,36.0396,-95.9846,195.0,America/Chicago,2006-01-01,2022-04-02,2006-01-01,2022-03-30,2006-01-01,2021-01-01,"Tulsa, OK"
72334,Memphis International Airport,US,TN,72334,KMEM,35.0333,-89.9833,102.0,America/Chicago,1946-10-01,2022-04-02,1940-01-01,2022-03-31,1940-01-01,2022-01-01,"Memphis, TN"
KNQA0,Memphis / Kerrville,US,TN,,KNQA,35.3567,-89.8703,98.0,America/Chicago,2005-01-01,2022-04-02,2005-01-01,2022-03-30,2017-01-01,2022-01-01,"Memphis, TN"
72327,Nashville Airport,US,TN,72327,KBNA,36.1167,-86.6833,183.0,America/Chicago,1951-01-01,2022-04-02,1948-01-01,2022-03-31,1948-01-01,2022-01-01,"Nashville, TN"
72363,Amarillo International  Airport,US,TX,72363,KAMA,35.2167,-101.7167,1099.0,America/Chicago,1943-03-01,2022-04-02,1943-03-01,2022-03-31,1943-01-01,2022-01-01,"Amarillo, TX"
72254,Camp Mabry/Austin City Asos,US,TX,72254,KATT,30.3167,-97.7667,201.0,America/Chicago,2000-01-01,2022-04-02,1938-06-01,2022-03-31,1938-01-01,2022-01-01,"Austin, TX"
74745,Austin / Del Valle,US,TX,74745,KAUS,30.1945,-97.6699,165.0,America/Chicago,1999-05-24,2022-04-02,1948-03-15,2022-03-31,1949-01-01,2022-01-01,"Austin, TX"
KEDC0,Austin / New Sweden,US,TX,,KEDC,30.3975,-97.5664,189.0,America/Chicago,2009-07-22,2022-04-02,2009-07-28,2022-03-31,2020-01-01,2022-01-01,"Austin, TX"
72250,Brownsville/South Padre Is,US,TX,72250,KBRO,25.9,-97.4231,7.0,America/Chicago,1947-01-01,2022-04-02,1898-12-01,2022-03-31,1898-01-01,2022-01-01,"Brownsville, TX"
72251,Corpus Christi International,US,TX,72251,KCRP,27.7667,-97.0167,13.0,America/Chicago,1946-08-01,2022-04-02,1946-08-01,2022-03-31,1946-01-01,2022-01-01,"Corpus Christi, TX"
72249,Fort Worth,US,TX,72249,KFWD,32.8333,-97.3,196.0,America/Chicago,,,1948-08-01,2022-03-28,1948-01-01,2022-01-01,"Fort Worth, TX"
74739,Fort Worth / Sansom Park,US,TX,74739,KFTW,32.8198,-97.3624,216.0,America/Chicago,2005-01-01,2022-04-02,1946-09-02,2022-03-29,1946-01-01,2022-01-01,"Fort Worth, TX"
KAFW0,Fort Worth / Haslet,US,TX,,KAFW,32.9876,-97.3188,220.0,America/Chicago,2006-01-01,2022-04-02,2006-01-01,2022-03-30,2006-01-01,2022-01-01,"Fort Worth, TX"
KFWS0,Fort Worth / Oak Grove,US,TX,,KFWS,32.5652,-97.3081,213.0,America/Chicago,2006-06-18,2022-04-02,2012-10-16,2022-03-31,2020-01-01,2022-01-01,"Fort Worth, TX"
72243,Houston Intercontinental,US,TX,72243,KIAH,30.0,-95.3667,30.0,America/Chicago,1973-01-01,2022-04-02,1969-06-01,2022-03-31,1969-01-01,2022-01-01,"Houston, TX"
72244,Houston / Olcott,US,TX,72244,KEFD,29.6073,-95.1587,10.0,America/Chicago,1941-07-01,2022-04-02,1930-08-01,2022-03-29,1930-01-01,2022-01-01,"Houston, TX"
KAXH0,Houston / Duke,US,TX,,KAXH,29.5061,-95.4769,21.0,America/Chicago,2009-06-19,2022-04-02,2009-12-18,2022-03-31,2012-01-01,2022-01-01,"Houston, TX"
KDWH0,Houston / Pinewood Place,US,TX,,KDWH,30.0618,-95.5528,46.0,America/Chicago,2006-01-01,2022-04-02,2006-01-01,2022-03-30,2006-01-01,2022-01-01,"Houston, TX"
KLVJ0,Houston / Hastings,US,TX,,KLVJ,29.5213,-95.2421,13.0,America/Chicago,2006-01-01,2022-04-02,2006-01-01,2022-03-30,2006-01-01,2021-01-01,"Houston, TX"
KSGR0,Houston / Sugar Land,US,TX,,KSGR,29.6223,-95.6565,25.0,America/Chicago,2006-01-01,2022-04-02,2006-01-01,2022-03-30,2006-01-01,2022-01-01,"Houston, TX"
KTME0,Houston / Cardiff,US,TX,,KTME,29.805,-95.8979,51.0,America/Chicago,2009-12-16,2022-04-02,2009-12-17,2022-03-31,2020-01-01,2022-01-01,"Houston, TX"
72267,Lubbock International Airport,US,TX,72267,KLBB,33.6667,-101.8167,1000.0,America/Chicago,1945-08-10,2022-04-02,1945-08-10,2022-03-31,1946-01-01,2022-01-01,"Lubbock, TX"
72265,Midland International Airport,US,TX,72265,KMAF,31.9333,-102.2,875.0,America/Chicago,1948-02-01,2022-04-02,1930-06-01,2022-03-31,1930-01-01,2022-01-01,"Midland, TX"
KMDD0,Midland,US,TX,,KMDD,32.0365,-102.101,854.0,America/Chicago,2006-06-21,2022-04-02,2007-09-10,2022-03-31,2015-01-01,2022-01-01,"Midland, TX"
KFLG0,Flagstaff / Fort Tuthill,US,AZ,,KFLG,35.1403,-111.6693,2138.0,America/Phoenix,2005-01-01,2022-04-02,2005-01-01,2022-03-30,2005-01-01,2022-01-01,"Flagstaff, AZ"
72278,Phoenix Sky Harbor Airport,US,AZ,72278,KPHX,33.4333,-112.05,345.0,America/Phoenix,1973-01-01,2022-04-02,1933-06-01,2022-03-31,1933-01-01,2022-01-01,"Phoenix, AZ"
KDVT0,Phoenix / Wild Flower,US,AZ,,KDVT,33.6883,-112.0826,451.0,America/Phoenix,2006-01-01,2022-04-02,2006-01-01,2022-03-30,2006-01-01,2022-01-01,"Phoenix, AZ"
KLUF0,Phoenix / Glendale / Webb,US,AZ,,KLUF,33.535,-112.3832,331.0,America/Phoenix,1941-12-01,2022-04-02,1941-12-02,2022-03-30,1942-01-01,2021-01-01,"Phoenix, AZ"
72274,Tucson International Airport,US,AZ,72274,KTUS,32.1333,-110.95,805.0,America/Phoenix,1973-01-01,2022-04-02,1946-06-01,2022-03-31,1946-01-01,2022-01-01,"Tucson, AZ"
72594,Eureka,US,CA,72594,KEKA,40.8,-124.1667,13.0,America/Los_Angeles,2006-01-01,2022-03-15,1941-12-01,2022-03-28,1941-01-01,2022-01-01,"Eureka, CA"
72295,Los Angeles Airport,US,CA,72295,KLAX,33.9333,-118.3833,38.0,America/Los_Angeles,1944-01-01,2022-04-02,1944-01-01,2022-03-31,1944-01-01,2022-01-01,"Los Angeles, CA"
KCQT0,Los Angeles / Jefferson,US,CA,,KCQT,34.0167,-118.2833,56.0,America/Los_Angeles,2000-01-01,2022-04-02,2000-01-01,2022-03-30,2000-01-01,2021-01-01,"Los Angeles, CA"
72483,Sacramento Executive Airport,US,CA,72483,KSAC,38.5,-121.5,6.0,America/Los_Angeles,1973-01-01,2022-04-02,1941-11-10,2022-03-31,1941-01-01,2022-01-01,"Sacramento, CA"
KMCC0,Sacramento / McClellan Park,US,CA,,KMCC,38.6676,-121.4006,23.0,America/Los_Angeles,1939-11-09,2022-04-02,1941-02-09,2022-03-31,1941-01-01,2022-01-01,"Sacramento, CA"
KMHR0,Sacramento / Mather Field,US,CA,,KMHR,38.5553,-121.2973,30.0,America/Los_Angeles,2004-01-01,2022-04-02,2010-06-11,2022-03-31,2010-01-01,2022-01-01,"Sacramento, CA"
KSMF0,Sacramento / Kiesel,US,CA,,KSMF,38.6954,-121.5908,8.0,America/Los_Angeles,1973-01-01,2022-04-02,1973-01-01,2022-03-30,1974-01-01,2022-01-01,"Sacramento, CA"
72290,San Diego International Airport,US,CA,72290,KSAN,32.7333,-117.1833,5.0,America/Los_Angeles,1942-01-01,2022-04-02,1939-07-01,2022-03-31,1939-01-01,2022-01-01,"San Diego, CA"
KSDM0,San Diego / Bandini,US,CA,,KSDM,32.5723,-116.9802,160.0,America/Tijuana,2006-01-01,2022-04-02,2006-01-01,2022-03-30,2006-01-01,2021-01-01,"San Diego, CA"
KSEE0,San Diego / Town And Country Mobile Home Park,US,CA,,KSEE,32.8262,-116.9724,118.0,America/Los_Angeles,2006-01-02,2022-04-02,2013-10-23,2022-03-31,2014-01-01,2022-01-01,"San Diego, CA"
72681,Boise Air Terminal,US,ID,72681,KBOI,43.5667,-116.2333,871.0,America/Boise,1931-01-01,2022-04-02,1931-01-01,2022-03-31,1931-01-01,2022-01-01,"Boise, ID"
72578,Pocatello Regional Airport,US,ID,72578,KPIH,42.9167,-112.6,1356.0,America/Boise,1943-01-01,2022-04-02,1939-01-03,2022-03-31,1939-01-01,2022-01-01,"Pocatello, ID"
72768,Glasgow International Airport,US,MT,72768,KGGW,48.2167,-106.6167,699.0,America/Denver,1942-12-10,2022-04-02,1942-12-10,2022-03-31,1943-01-01,2022-01-01,"Glasgow, MT"
72775,Great Falls International,US,MT,72775,KGTF,47.4667,-111.3833,1120.0,America/Denver,1973-01-01,2022-04-02,1937-04-01,2022-03-31,1937-01-01,2022-01-01,"Great Falls, MT"
KGFA0,Great Falls / Malmstrom Air Force Base,US,MT,,KGFA,47.5047,-111.1873,1058.0,America/Denver,1942-12-01,2022-04-02,1942-12-02,2022-03-29,1943-01-01,2020-01-01,"Great Falls, MT"
72773,Missoula International Airport,US,MT,72773,KMSO,46.9167,-114.1,976.0,America/Denver,1973-01-01,2022-04-02,1948-01-01,2022-03-31,1948-01-01,2022-01-01,"Missoula, MT"
70580,Elko / Coin,US,NV,70580,KEKO,40.8249,-115.7917,1567.0,America/Los_Angeles,1977-01-01,2022-04-02,1977-02-26,2022-03-31,1981-01-01,2021-01-01,"Elko, NV"
72282,"Las Vegas, Tonopah Range #74 Nellis Afb",US,NV,72282,KBJN,37.6167,-116.25,1756.0,America/Los_Angeles,2006-01-01,2015-01-28,2006-01-04,2022-03-27,2006-01-01,2021-01-01,"Las Vegas, NV"
KHND0,Las Vegas / Sloan,US,NV,,KHND,35.9729,-115.1344,760.0,America/Los_Angeles,2006-01-01,2022-04-02,2006-01-01,2022-03-30,2006-01-01,2021-01-01,"Las Vegas, NV"
KLSV0,Las Vegas / Nellis Air Force Base,US,NV,,KLSV,36.2362,-115.0343,570.0,America/Los_Angeles,2005-01-01,2022-04-02,2005-01-04,2022-03-29,2006-01-01,2021-01-01,"Las Vegas, NV"
KVGT0,Las Vegas / Eastland Heights,US,NV,,KVGT,36.2107,-115.1944,672.0,America/Los_Angeles,2006-01-01,2022-04-02,2006-01-01,2022-03-30,2006-01-01,2021-01-01,"Las Vegas, NV"
72488,Reno/Tahoe International  Airport,US,NV,72488,KRNO,39.4833,-119.7667,1345.0,America/Los_Angeles,1943-01-05,2022-04-02,1937-03-01,2022-03-31,1937-01-01,2022-01-01,"Reno, NV"
KRTS0,Reno / Reno-Stead,US,NV,,KRTS,39.6682,-119.8764,1539.0,America/Los_Angeles,2011-09-21,2022-04-02,2011-09-22,2022-03-31,2012-01-01,2022-01-01,"Reno, NV"
72688,Pendleton Municipal Airport,US,OR,72688,KPDT,46.1667,-119.3833,455.0,America/Los_Angeles,1942-01-01,2022-04-02,1928-01-01,2022-03-31,1928-01-01,2022-01-01,"Pendleton, OR"
72698,Portland International  Airport,US,OR,72698,KPDX,45.5833,-122.6,8.0,America/Los_Angeles,1936-05-01,2022-04-02,1936-05-01,2022-03-31,1936-01-01,2022-01-01,"Portland, OR"
KHIO0,Portland / Orenco,US,OR,,KHIO,45.5406,-122.9502,63.0,America/Los_Angeles,2006-01-01,2022-04-02,2006-01-01,2022-03-30,2006-01-01,2022-01-01,"Portland, OR"
KTTD0,Portland / Troutdale,US,OR,,KTTD,45.5494,-122.4013,12.0,America/Los_Angeles,2006-01-01,2022-04-02,2006-01-01,2022-03-30,2006-01-01,2022-01-01,"Portland, OR"
72572,Salt Lake City International  Airport,US,UT,72572,KSLC,40.7833,-111.9667,1288.0,America/Denver,1941-11-01,2022-04-02,1941-11-01,2022-03-31,1941-01-01,2022-01-01,"Salt Lake City, UT"
KU420,Salt Lake City / April Meadows,US,UT,,KU42,40.6195,-111.9929,1404.0,America/Denver,2016-08-15,2022-04-02,2016-08-16,2022-03-31,2020-01-01,2022-01-01,"Salt Lake City, UT"
72785,Spokane International Airport,US,WA,72785,KGEG,47.6167,-117.5333,723.0,America/Los_Angeles,1941-08-11,2022-04-02,1889-08-01,2022-03-31,1889-01-01,2022-01-01,"Spokane, WA"
KSFF0,Spokane / Yardley,US,WA,,KSFF,47.6828,-117.3226,597.0,America/Los_Angeles,2006-01-01,2022-04-02,2006-01-01,2022-03-30,2006-01-01,2022-01-01,"Spokane, WA"
KSKA0,Spokane / Fairchild Air Force Base,US,WA,,KSKA,47.6151,-117.6558,750.0,America/Los_Angeles,1940-04-01,2022-04-02,1940-04-02,2022-03-30,1940-01-01,2021-01-01,"Spokane, WA"
